STATE,Total_Population,Year,PADD_Region,Gasoline_Price,Median_Income,Electric (EV)_per_1k,Plug-In Hybrid Electric (PHEV)_per_1k,Hybrid Electric (HEV)_per_1k,Biodiesel_per_1k,Ethanol/Flex (E85)_per_1k,Compressed Natural Gas (CNG)_per_1k,Propane_per_1k,Hydrogen_per_1k,Methanol_per_1k,Gasoline_per_1k,Diesel_per_1k,Unknown Fuel_per_1k,Rural VMT_per_1k,Urban VMT_per_1k,Total VMT_per_1k,Fatality_Count_per_1k,EV_growth
Alabama,47258650.0,2018,Gulf Coast (PADD 3),2.446,62250,0.02750819162206284,0.0317402211023802,0.6728926873704602,0.0,10.781095101108473,0.35972250582697557,0.0,0.0,0.0,79.00564235330464,2.875664031875646,0.9733667804729927,0.6091640788295899,0.8967445062411855,1.5059085850707754,0.02016562047371222,
Alabama,47258650.0,2019,Gulf Coast (PADD 3),2.283,59900,0.0423202948031736,0.03808826532285624,0.7130969674334752,0.0,11.50900417172306,0.3364463436852301,0.0,0.0,0.0,80.55033311362047,3.066105358489927,0.9373945298902951,0.613884493570066,0.9040308046981874,1.5179152982682536,0.019678937083475723,0.5384615384615383
Alabama,47258650.0,2020,Gulf Coast (PADD 3),1.851,66430,0.06136442746460172,0.044436309543332275,0.7681133506776008,0.0,12.010499665140667,0.31951822576396066,0.0,0.0,0.0,81.7522294860306,3.2607787145845255,0.8802621319060109,0.588538845692799,0.8486900391780129,1.4372288848708121,0.01976357767308207,0.44999999999999996
Alabama,47258650.0,2021,Gulf Coast (PADD 3),2.692,63980,0.09945269278745796,0.06982848642523644,0.8993062645674389,0.8569859697642653,9.511486257013265,0.0105800737007934,0.00211601474015868,0.0,0.0,85.71975712382812,2.6132782040959697,0.6771247168507776,0.6171234751733281,0.9041225054037727,1.5212459805771006,0.020800424895759822,0.6206896551724137
Alabama,47258650.0,2022,Gulf Coast (PADD 3),3.517,63750,0.18409328239380515,0.09310464856698192,1.0749354880006095,1.017803090016325,9.517834301233743,0.00211601474015868,0.00211601474015868,0.0,0.0,86.27203697100954,2.668294587340095,0.64115246626808,0.616617577522845,0.8990946630934231,,0.02090622563276776,0.8510638297872342
Alabama,47258650.0,2023,Gulf Coast (PADD 3),3.091,62290,0.2750819162206284,0.12272885492920343,1.3394373305204443,1.1468799891660044,9.335857033580096,0.00211601474015868,0.00211601474015868,0.0,0.0,86.80315667078936,2.6873387200015233,0.6136442746460171,,,,0.02128637862574109,0.49425287356321834
Alaska,7788980.0,2018,West Coast (PADD 5),3.3,95440,0.06419325765376212,0.03851595459225727,0.6932871826606308,0.0,7.959963949066502,0.4750301066378396,0.0,0.0,0.0,62.2546212726185,5.263847127608494,2.06702289645114,0.2922745584190741,0.4122233340430968,0.704497892462171,0.010270921224601938,
Alaska,7788980.0,2019,West Coast (PADD 5),3.337,82450,0.08987056071526696,0.05135460612300969,0.7446417887836405,0.0,8.216736979681551,0.4108368489840775,0.0,0.0,0.0,60.81669230117423,5.1482992638317215,1.8744431234898538,0.3325026001556045,0.42257741386869657,0.755080014024301,0.008601896525604124,0.3999999999999999
Alaska,7788980.0,2020,West Coast (PADD 5),2.82,92670,0.1155478637767718,0.05135460612300969,0.7959963949066502,0.0,8.216736979681551,0.3466435913303154,0.0,0.0,0.0,59.17334490523792,5.08410600617796,1.4636062745057763,0.3187782533784912,0.36242628816610134,0.6812045415445925,0.00821673697968155,0.2857142857142856
Alaska,7788980.0,2021,West Coast (PADD 5),3.7,87440,0.1669024698997815,0.06419325765376212,0.9372215617449269,0.9757375163371841,6.432164416906963,0.012838651530752422,0.0,0.0,0.0,59.597020405752744,4.069852535248518,0.8088350464374027,0.3443419253868928,0.39416140239158404,0.7385033277784768,0.008987056071526696,0.4444444444444444
Alaska,7788980.0,2022,West Coast (PADD 5),4.952,90850,0.25677303061504847,0.08987056071526696,1.155478637767718,1.1169626831754609,6.239584643945677,0.0,0.0,0.0,0.0,58.68547614706932,3.915788716879489,0.7061258341913832,0.3089112412665073,0.39440337502471445,,0.010527694255216987,0.5384615384615385
Alaska,7788980.0,2023,West Coast (PADD 5),4.513,93310,0.3466435913303154,0.1155478637767718,1.3608970622597567,1.2325105469522326,6.008488916392134,0.0,0.0,0.0,0.0,58.325993904208254,3.825918156164222,0.6547712280683735,,,,0.009823781981634354,0.34999999999999987
Arizona,72485590.0,2018,West Coast (PADD 5),3.3,73060,0.1738276531928622,0.1062280102845269,1.407176240132694,0.0,7.3614631542627995,0.21383560511820351,0.0,0.0,0.0,69.83319029340866,2.708124469980861,1.430629177468239,0.2254647921173022,0.6870546645824364,0.9125194566997386,0.013947599791903468,
Arizona,72485590.0,2019,West Coast (PADD 5),3.337,74710,0.26901898708419153,0.1324401167183712,1.4913308976308257,0.0,7.884325698390536,0.1972805905284071,0.0,0.0,0.0,71.5576709798458,2.8805725386245737,1.365788703658203,0.23025167945332306,0.7393292602653162,0.9695809397186393,0.013506132736175564,0.5476190476190479
Arizona,72485590.0,2020,West Coast (PADD 5),2.82,83540,0.39732035015511363,0.1545134695047664,1.5920405697187539,0.0,8.067810443427446,0.1903826677826586,0.0,0.0,0.0,71.76874741586569,3.1178610810783223,1.4264904238207898,0.2175312668352427,0.6896597916910107,0.9071910585262534,0.014527025302546341,0.4769230769230768
Arizona,72485590.0,2021,West Coast (PADD 5),3.7,78480,0.5614909115039279,0.21383560511820351,1.8238107739759035,0.703588120066347,6.351607264285219,0.012416260942347301,0.012416260942347301,0.0,0.0,74.43272518027376,2.6460431652691248,0.9726071071505386,0.2430769395682645,0.774504012452682,1.0175809520209464,0.016444647825864425,0.4131944444444444
Arizona,72485590.0,2022,West Coast (PADD 5),4.952,79310,0.9077666333405027,0.2814352480265388,2.0804135001177477,0.8443057440796164,6.152947089207662,0.0082775072948982,0.0110366763931976,0.0,0.0,75.54742949598672,2.741234499160454,0.9670887689539397,0.2469477471315333,0.8037321624891237,,0.017962190829929094,0.6167076167076166
Arizona,72485590.0,2023,West Coast (PADD 5),4.513,76370,1.2388669251364306,0.3531736445823232,2.423930052856023,0.9463950007166942,6.030164064333339,0.0082775072948982,0.0096570918440479,0.0,0.0,75.4494789929971,2.727438653668957,0.8856932805541075,,,,0.013831524402250871,0.36474164133738585
Arkansas,28459530.0,2018,Gulf Coast (PADD 3),2.446,60880,0.021082568826681258,0.028110091768908343,0.7132935786360491,0.0,13.022000011946789,0.32326605534244596,0.0,0.0,0.0,72.74188997499256,3.573495416122473,0.6359908262715512,0.625004717698957,0.663678160999848,1.2886828786988054,0.018271559649790423,
Arkansas,28459530.0,2019,Gulf Coast (PADD 3),2.283,59720,0.031623853240021885,0.035137614711135426,0.7414036704049575,0.0,13.45770643436487,0.2811009176890834,0.0,0.0,0.0,72.34834869022785,3.696477067611447,0.5867981656759617,0.6305542564917622,0.6730168080312641,1.3035710645230263,0.017955321117390205,0.5
Arkansas,28459530.0,2020,Gulf Coast (PADD 3),1.851,64470,0.045678899124476056,0.03865137618224897,0.7870825695294336,0.0,13.802055058533997,0.2529908259201751,0.0,0.0,0.0,73.56762392070425,3.903788994407146,0.5516605509648262,0.5729274921265389,0.6188968956971532,1.191824387472316,0.022874587176949162,0.4444444444444444
Arkansas,28459530.0,2021,Gulf Coast (PADD 3),2.692,59400,0.08433027530672503,0.06324770648004377,0.9170917439606346,1.0084495422095867,10.196935789171501,0.010541284413340629,0.0,0.0,0.0,78.76447713648118,3.120220186348826,0.3865137618224897,0.6767142349153341,0.6735120608105616,1.3502262957258957,0.024315229380105715,0.8461538461538463
Arkansas,28459530.0,2022,Gulf Coast (PADD 3),3.517,56870,0.17920183502679068,0.08784403677783857,1.0752110101607442,1.1700825698808097,9.975568816491348,0.007027522942227086,0.0,0.0,0.0,78.33931199847643,3.151844039588848,0.37245871593803553,0.6496439154125173,0.7042280740405762,,0.02259348625926008,1.125
Arkansas,28459530.0,2023,Gulf Coast (PADD 3),3.091,56120,0.24947706444906154,0.11244036707563337,1.3000917443120108,1.3000917443120108,9.722577990571173,0.007027522942227086,0.0,0.0,0.0,78.92259640268128,3.1869816542999834,0.3619174315246949,,,,0.021151632414216935,0.392156862745098
California,412840200.0,2018,West Coast (PADD 5),3.3,85710,0.6624839344618086,0.5207826175842372,2.6288622086705704,0.0,3.9124096926607437,0.18820841575021036,0.0,0.022769100489729438,0.0007266734198849821,69.38931819139705,1.8447815886146746,0.31440736633690225,0.14153707930321466,0.7033315004919822,0.8448685797951969,0.009199685495743874,
California,412840200.0,2019,West Coast (PADD 5),3.337,84560,0.8470589831125942,0.5990211224585202,2.7957548707708213,0.0,4.114667127862064,0.18457504865078544,0.0,0.030762508108464242,0.0007266734198849821,70.75401087394106,1.9033999111520632,0.33160530394084686,0.13680953301291882,0.6887792820270047,0.8255888150399235,0.009008328161840828,0.27861060329067655
California,412840200.0,2020,West Coast (PADD 5),2.82,92330,1.0301806849236097,0.6431059765982091,2.976212103375592,0.0,4.227059283470941,0.1823950283911305,0.0,0.033911426261299164,0.0007266734198849821,71.8018739454152,2.0005319249433557,0.28267596033525805,0.13414619845644876,0.5920710717124931,0.7262172701931644,0.009640534037140762,0.21618530168716044
California,412840200.0,2021,West Coast (PADD 5),3.7,90840,1.3639660091241115,0.7637337642991162,3.284321633406824,0.39627923831061024,3.2535591252983598,0.03052028363516925,0.0036333670994249103,0.028582487848809297,0.0,73.90898463860835,1.7210048827609326,0.02519134522267938,0.1414132345638821,0.6114754761527583,0.7528887107166404,0.01093159047980308,0.32400658358805545
California,412840200.0,2022,West Coast (PADD 5),4.952,91350,2.188740340693566,0.8746725730682234,3.6672785256862097,0.445450806389494,3.24096345268702,0.024949120749384386,0.0036333670994249103,0.03609144652095411,0.0,75.2324991606922,1.7568541048085917,0.019862406810189512,0.14598091934845492,0.6176166952733769,,0.010725699677502335,0.6046883324453913
California,412840200.0,2023,West Coast (PADD 5),4.513,88690,3.043792731424895,0.9948159118225405,4.125567229160338,0.488324538162708,3.1842829259359915,0.024464671802794397,0.0036333670994249103,0.040935935986853994,0.0,75.55441548570124,1.7810765521380911,0.01913573339030453,,,,0.009074564026434943,0.39065958388667577
Colorado,63277240.0,2018,Rocky Mountain (PADD 4),2.775,91760,0.19754338210705777,0.11694568220737821,1.3385539571574234,0.0,6.645359374081424,0.2133468526756224,0.0,0.0,0.0,67.62147021583117,3.7327797482949636,1.2358313984617535,0.2511838712679314,0.601470376985469,0.8526542482534004,0.009987793399332841,
Colorado,63277240.0,2019,Rocky Mountain (PADD 4),2.646,87610,0.30342663491644073,0.14697227628765097,1.4602406805353711,0.0,7.075213773546381,0.19912372916391424,0.0,0.0,0.0,68.71190968506212,3.898716189264892,1.1631354338463562,0.25626842034829583,0.6071313504049797,0.8633997707532757,0.00943467192943308,0.536
Colorado,63277240.0,2020,Rocky Mountain (PADD 4),2.248,85700,0.39034572304354614,0.1706774821404979,1.525034909866486,0.0,7.064151344148386,0.1801595644816367,0.0,0.0,0.0,67.37493607496155,3.946126600970586,1.4159909629433902,0.23768661860093773,0.5310265333949459,0.7687131518378488,0.009829758693647194,0.28645833333333326
Colorado,63277240.0,2021,Rocky Mountain (PADD 4),3.177,98010,0.584728411036891,0.2544358761538904,1.795274256588941,0.8502267165887767,5.479063246121354,0.009482082341138773,0.0015803470568564622,0.0,0.0,70.4297469358651,3.2934432664888673,0.8454856754182073,0.2642826197855659,0.5865715933564738,0.8508542133000744,0.010920198162878154,0.4979757085020242
Colorado,63277240.0,2022,Rocky Mountain (PADD 4),3.983,95130,0.9466278870570208,0.3792832936455509,2.082897420936817,0.981395522307863,5.474322204950785,0.004741041170569386,0.0015803470568564622,0.0,0.0,71.21517942312275,3.2681577135791637,0.7806914460870923,0.2657242228011209,0.5866406309756873,,0.012073851514383371,0.618918918918919
Colorado,63277240.0,2023,Rocky Mountain (PADD 4),3.597,93510,1.4238926982276725,0.5926301463211733,2.4131899558198175,1.0762163457192508,5.283100211071153,0.004741041170569386,0.0015803470568564622,0.0,0.0,71.25468809954417,3.214425913646044,0.734861381438255,,,,0.009453200136306569,0.5041736227045077
Connecticut,39813850.0,2018,New England (PADD 1A),2.742,90930,0.12558443858104654,0.1306078161242884,1.1327716360010398,0.0,4.724486579418971,0.06279221929052327,0.0,0.0,0.0,66.39146930025606,1.3563119366753027,0.7082962335971026,0.0793435285710877,0.7142422544667245,0.7935857830378122,0.007359248100849328,
Connecticut,39813850.0,2019,New England (PADD 1A),2.574,87340,0.17330652524184423,0.14316625998239307,1.1905404777483213,0.0,4.943003502549992,0.05776884174728141,0.0,0.0,0.0,66.12774197923586,1.3337067377307144,0.6957377897389979,0.08008992768848026,0.7136250321935709,0.793714959882051,0.006254105041336118,0.3800000000000001
Connecticut,39813850.0,2020,New England (PADD 1A),2.145,103200,0.22605198944588378,0.15572470384049772,1.2457976307239818,0.0,5.005795721840515,0.05023377543241862,0.0,0.0,0.0,64.74128977730112,1.3311950489590934,0.655550769393063,0.07375564834850185,0.6758563148251174,0.7496119631736192,0.007509949427146584,0.30434782608695654
Connecticut,39813850.0,2021,New England (PADD 1A),2.956,92930,0.33405460662558384,0.23107536698912565,1.3914755794779958,0.22102861190264192,3.53394610167065,0.010046755086483724,0.0,0.0,0.0,64.76138328747409,1.1126781258280725,0.5400130858985002,0.07178899277512725,0.6563129770167919,0.7281019700430881,0.007610416978011421,0.47777777777777786
Connecticut,39813850.0,2022,New England (PADD 1A),3.982,90660,0.5525715297566048,0.32903122908234195,1.6200392576955005,0.253680565933714,3.5113409027260616,0.005023377543241862,0.0,0.0,0.0,66.2156510862426,1.1076547482848307,0.5324780195836374,0.07554414129756354,0.669591109626424,,0.009016962690119142,0.6541353383458646
Connecticut,39813850.0,2023,New England (PADD 1A),3.47,94340,0.7936936518322142,0.4621507339782513,1.891301645030561,0.2737740761066815,3.355616198885564,0.002511688771620931,0.0,0.0,0.0,65.62038084736844,1.0624443503956538,0.5249429532687746,,,,0.007439795361456482,0.4363636363636363
Delaware,10795210.0,2018,Central Atlantic (PADD 1B),2.799,79500,0.07410694187514648,0.11116041281271972,1.139394231330377,0.0,7.475537761655401,0.11116041281271972,0.0,0.0,0.0,70.26264426537325,1.5747725148468628,0.6391723736731384,0.22876807805498922,0.7141856770317576,0.9429537550867468,0.010282338185176574,
Delaware,10795210.0,2019,Central Atlantic (PADD 1B),2.656,77990,0.12042378054711303,0.12042378054711303,1.222764540939917,0.0,7.920179412906281,0.0926336773439331,0.0,0.0,0.0,71.19824440654699,1.5932992503156493,0.6299090059387451,0.2341091833090788,0.7149375620668796,0.9490467453759582,0.01222764540939917,0.625
Delaware,10795210.0,2020,Central Atlantic (PADD 1B),2.282,87700,0.17600398695347289,0.13895051601589967,1.37097842469021,0.0,8.3092408577508,0.0926336773439331,0.0,0.0,0.0,72.30984853467417,1.6581428244564025,0.6113822704699585,0.18721645433483927,0.5858328527189374,0.7730493070537767,0.01074550657189624,0.46153846153846145
Delaware,10795210.0,2021,Central Atlantic (PADD 1B),3.07,81920,0.27790103203179933,0.1852673546878662,1.5469824116436828,0.3797980771101257,6.2435098529810915,0.00926336773439331,0.0,0.0,0.0,73.77346063670832,1.3524516892214233,0.49095848992284546,0.2626105698731197,0.6778458418131746,0.9404564107599576,0.012598180118774902,0.5789473684210529
Delaware,10795210.0,2022,Central Atlantic (PADD 1B),4.033,76920,0.5002218576572388,0.2593742965630127,1.8063567082066956,0.4353782835164856,6.132349440168372,0.0,0.0,0.0,0.0,73.6808269593644,1.34318832148703,0.4724317544540588,0.24301687600333852,0.6715015270661711,,0.015006655729717162,0.8
Delaware,10795210.0,2023,Central Atlantic (PADD 1B),3.562,83960,0.7781228896890381,0.35200797390694577,2.121311211176068,0.4724317544540588,5.919291982277326,0.0,0.0,0.0,0.0,73.30102888225427,1.3153982182838502,0.4724317544540588,,,,0.011384359519095779,0.5555555555555554
District of Columbia,7719440.0,2018,Central Atlantic (PADD 1B),2.799,99470,0.1424973832298716,0.12954307566351964,1.800648751722923,0.0,3.0442622780927113,0.025908615132703927,0.0,0.0,0.0,37.697035018084215,0.33681199672515105,0.1424973832298716,0.0,0.4781017756378701,0.4781017756378701,,
District of Columbia,7719440.0,2019,Central Atlantic (PADD 1B),2.656,102900,0.23317753619433534,0.16840599836257553,1.7747401365902191,0.0,2.914719202429192,0.025908615132703927,0.0,0.0,0.0,37.088182562465676,0.3109033815924471,0.1424973832298716,0.0,0.4865728284318552,0.4865728284318552,,0.6363636363636365
District of Columbia,7719440.0,2020,Central Atlantic (PADD 1B),2.282,110100,0.3109033815924471,0.20726892106163142,1.852465981988331,0.0,2.83699335703108,0.025908615132703927,0.0,0.0,0.0,35.54661996206979,0.29794907402609516,0.15545169079622356,0.0,0.39257691879203677,0.39257691879203677,,0.33333333333333326
District of Columbia,7719440.0,2021,Central Atlantic (PADD 1B),3.07,103200,0.47930937995502265,0.3238576891587991,2.0856435181826662,0.03886292269905589,2.254049516545242,0.012954307566351964,0.0,0.0,0.0,36.12956380255563,0.27204045889339123,0.07772584539811178,0.0,0.42072681826661007,0.42072681826661007,,0.5416666666666667
District of Columbia,7719440.0,2022,Central Atlantic (PADD 1B),4.033,101500,0.7643041464147659,0.41453784212326283,2.2281409014125377,0.051817230265407854,2.3058667468106497,0.012954307566351964,0.0,0.0,0.0,35.261625195610044,0.25908615132703927,0.07772584539811178,0.0,0.4431668618449007,,,0.5945945945945945
District of Columbia,7719440.0,2023,Central Atlantic (PADD 1B),3.562,105700,1.0492989128745092,0.47930937995502265,2.3447296695097055,0.051817230265407854,2.17632367114713,0.012954307566351964,0.0,0.0,0.0,34.005057361673906,0.23317753619433534,0.07772584539811178,,,,,0.3728813559322035
Florida,236504760.0,2018,Lower Atlantic (PADD 1C),2.563,64960,0.11585390501231349,0.07357145792752755,0.9593887243537931,0.0,6.020597640402671,0.06553779298141821,0.0,0.0,0.0,61.485020428341485,1.6342165798269768,0.5733499824696974,0.15535437395809706,0.7825368577248931,0.9378912316829902,0.013255547161080393,
Florida,236504760.0,2019,Lower Atlantic (PADD 1C),2.41,65550,0.17039826175168735,0.08625619205296332,0.9949059799050133,0.0,6.285708583624278,0.06004107486039604,0.0,0.0,0.0,62.26809134835172,1.7272379634135058,0.5885716634202204,0.1586903844629808,0.7990679969219224,0.9577583813849032,0.013466959396504323,0.470802919708029
Florida,236504760.0,2020,Lower Atlantic (PADD 1C),2.012,69000,0.2460838420334542,0.09471268146992051,1.0507188100569307,0.0,6.397334243928113,0.05539000568106959,0.0,0.0,0.0,63.10866639639726,1.8337897300671664,0.5382555513893251,0.1490076481335936,0.7307882548748701,0.8797959029661814,0.014075826634525241,0.4441687344913152
Florida,236504760.0,2021,Lower Atlantic (PADD 1C),2.833,67570,0.40422019413055366,0.13614947961301074,1.2135062313333567,0.5467120408062822,4.881931340409385,0.0025369468250871566,0.00042282447084785943,0.0,0.0,65.94328164896132,1.4244956422864385,0.4118310346058151,0.15957610684030205,0.7603477751991122,0.9199238820394142,0.01581786345441842,0.6426116838487972
Florida,236504760.0,2022,Lower Atlantic (PADD 1C),3.654,66890,0.7103451110244039,0.19365360764831963,1.4321064827617,0.6380421265094199,4.808359882481858,0.0016912978833914377,0.00042282447084785943,0.0,0.0,67.00287977290604,1.4524020573623972,0.4109853856641194,0.16931641587256002,0.7936964989626424,,0.01492570382092944,0.7573221757322175
Florida,236504760.0,2023,Lower Atlantic (PADD 1C),3.279,67960,1.0777795761911937,0.24227842179582346,1.7526074316643774,0.7209157227956003,4.65572024850578,0.0016912978833914377,0.00042282447084785943,0.0,0.0,68.22907073836484,1.4874964884427695,0.40633431648479296,,,,0.012580486023140536,0.5172619047619047
Georgia,106142760.0,2018,Lower Atlantic (PADD 1C),2.563,70960,0.14979825284362308,0.06594891634624915,0.9148056824601132,0.0,8.031635883596772,0.22045780607174714,0.0,0.0,0.0,70.65955322812408,2.167835093038847,0.9807545988063624,0.3094749902431876,0.9290035717929795,1.2384785620361671,0.014179017014443566,
Georgia,106142760.0,2019,Lower Atlantic (PADD 1C),2.41,66960,0.17900420151124768,0.07913869961549898,0.9590856691497376,0.0,8.388702159242891,0.20726802280249731,0.0,0.0,0.0,71.15605435547371,2.2375525188905963,0.9590856691497376,0.2996894152608713,0.9545426983804642,1.2542321136413357,0.014056540455514818,0.19496855345911945
Georgia,106142760.0,2020,Lower Atlantic (PADD 1C),2.012,66940,0.22139993344812214,0.08855997337924885,1.0269188402487368,0.0,8.661919098391639,0.19784674903874744,0.0,0.0,0.0,72.21500552651919,2.3816980074759693,0.9195163193419882,0.2730645550388929,0.8194906658730186,1.0925552209119116,0.015620471900297299,0.23684210526315796
Georgia,106142760.0,2021,Lower Atlantic (PADD 1C),2.833,69330,0.32032330796749586,0.12812932318699835,1.2078072965127344,0.6613734182152414,7.020733208746409,0.0065948916346249145,0.0028263821291249634,0.0,0.0,76.52994891031663,1.9144028287939754,0.7650074296164902,0.28490787774879794,0.8521006573599557,1.1370085352029662,0.01704308423862353,0.44680851063829774
Georgia,106142760.0,2022,Lower Atlantic (PADD 1C),3.654,68860,0.5662185532013677,0.1705250551238728,1.386811498023982,0.777255085509365,7.018848953993659,0.0028263821291249634,0.0028263821291249634,0.0,0.0,77.29684059468588,1.9398402679561,0.7395699904543654,0.4102482589486085,0.8038796051657221,,0.01693002895345853,0.7676470588235296
Georgia,106142760.0,2023,Lower Atlantic (PADD 1C),3.279,70420,0.8705256957704888,0.21386291443712224,1.6515492907853537,0.8714678231468638,6.7776643456416625,0.0028263821291249634,0.0018842547527499758,0.0,0.0,77.7858047030245,1.9436087774616,0.7244959524323656,,,,0.014208580321771197,0.5374376039933444
Hawaii,15469720.0,2018,West Coast (PADD 5),3.3,90070,0.4266399133274552,0.15514178666452916,1.603131795533468,0.0,3.3678696188424873,0.07110665222124253,0.0,0.0,0.0,62.63849636580365,1.1506349177619246,0.44603263666052134,0.11927838155991188,0.5844685347892529,0.7037469163491648,0.0075631620998957965,
Hawaii,15469720.0,2019,West Coast (PADD 5),3.337,96100,0.5688532177699402,0.1874629922196394,1.6677742066436885,0.0,3.594118057728259,0.06464241111022048,0.0,0.0,0.0,62.76131694691307,1.1570991588729467,0.4395683955494993,0.12131235984232425,0.591305897079262,0.7126182569215862,0.006981380399903812,0.33333333333333326
Hawaii,15469720.0,2020,West Coast (PADD 5),2.82,104000,0.6916737988793592,0.20685571555270554,1.7065596533098208,0.0,3.4066550655086196,0.058178169999198434,0.0,0.006464241111022048,0.0,61.300398455822084,1.1635633999839687,0.3878544666613229,0.09481279234530424,0.47309448328735104,0.5679072756326553,0.005494604944368741,0.21590909090909105
Hawaii,15469720.0,2021,West Coast (PADD 5),3.7,94560,0.9179222377651309,0.2908908499959922,1.86170143997435,0.18099875110861735,2.7279097488513044,0.006464241111022048,0.0,0.0,0.0,62.58678243691547,1.0148858544304615,0.27796236777394806,0.11220401015661563,0.5324077695006761,0.6446117796572918,0.006076386644360726,0.3271028037383179
Hawaii,15469720.0,2022,West Coast (PADD 5),4.952,92050,1.2799197399823656,0.3619975022172347,2.107342602193188,0.2003914744416835,2.5792322032977975,0.0,0.0,0.0,0.0,62.05671466581167,1.0019573722084176,0.25856964444088193,0.11788206186020174,0.5471980100480164,,0.007498519688785577,0.3943661971830985
Hawaii,15469720.0,2023,West Coast (PADD 5),4.513,94620,1.6548457244216443,0.47188960110460954,2.3529837644120257,0.21978419777474964,2.4111619344112243,0.0,0.0,0.0,0.0,61.47493296581968,0.9954931310973955,0.2391769211078158,,,,0.007679072630162398,0.2929292929292928
Idaho,18326350.0,2018,Rocky Mountain (PADD 4),2.775,72810,0.06002286325427595,0.06002286325427595,1.0694982907125534,0.0,7.470118163191253,0.6111418804071733,0.0,0.0,0.0,77.81145727327046,7.5519675221743565,1.435092094170416,0.5555032813789981,0.4108182051144936,0.9663214864934915,0.012768500001364157,
Idaho,18326350.0,2019,Rocky Mountain (PADD 4),2.646,70450,0.08730598291531047,0.08184935898310357,1.195000641153312,0.0,8.10854316325946,0.572945512881725,0.0,0.0,0.0,79.31202885462736,8.032150428208563,1.3914391027127606,0.5516155404567741,0.4337231426961725,0.9853386831529465,0.012222837608143466,0.4545454545454546
Idaho,18326350.0,2020,Rocky Mountain (PADD 4),2.248,78000,0.1255023504407588,0.09276260684751737,1.3586993591195193,0.0,8.528703206039392,0.5402057692884835,0.0,0.0,0.0,80.79623056418764,8.49596346244615,1.4678318377636574,0.5466255773790198,0.4031771722137797,0.9498027495927995,0.011677175214922775,0.4375
Idaho,18326350.0,2021,Rocky Mountain (PADD 4),3.177,78060,0.19098183762724166,0.1364155983051726,1.658813675390899,1.8225123933571061,7.230026710174148,0.016369871796620715,0.005456623932206904,0.0,0.0,84.33212287225771,7.284592949496218,1.60424743606883,0.6124854731029366,0.44108875635355654,1.0535742294564931,0.01489658333492485,0.5217391304347827
Idaho,18326350.0,2022,Rocky Mountain (PADD 4),3.983,86130,0.32194081200020735,0.19098183762724166,1.9916677352555203,2.1990194446793825,7.273679701631804,0.005456623932206904,0.005456623932206904,0.0,0.0,84.33212287225771,7.4210085478013905,1.8006858976282785,0.6038978612762499,0.4414408761155386,,0.011731741454244845,0.6857142857142857
Idaho,18326350.0,2023,Rocky Mountain (PADD 4),3.597,75460,0.4638130342375869,0.2510047008815176,2.384544658374417,2.5045903848829694,7.251853205902976,0.005456623932206904,0.005456623932206904,0.0,0.0,85.5926030005975,7.56288077003877,1.7242931625773819,,,,0.013189977160265655,0.4406779661016951
Illinois,136032200.0,2018,Midwest (PADD 2),2.596,80730,0.09997632913383742,0.07277688664889635,1.2041266700090125,0.0,8.164978585952444,0.10879776993976426,0.0,0.0,0.0,63.44968323676306,1.4761210948584231,0.65866758017587,0.1885762129308355,0.6050171710106137,0.7935933839414491,0.007608492695111892,
Illinois,136032200.0,2019,Midwest (PADD 2),2.486,84140,0.14187817296198987,0.08527392779062604,1.3033678790756893,0.0,8.480345094764328,0.09850608899951628,0.0,0.0,0.0,63.704769900067774,1.5364009403655898,0.7204176658173579,0.18654103316089865,0.6038942054542968,0.7904352386151955,0.007417361477650144,0.4191176470588236
Illinois,136032200.0,2020,Midwest (PADD 2),2.027,87950,0.19113121746174802,0.09556560873087401,1.4011388480080451,0.0,8.488431415503094,0.08894952812642888,0.0,0.0,0.0,62.73220605121434,1.570216463454976,0.6660187808474758,0.1714733355778999,0.520426062946861,0.691899398524761,0.008769982401225592,0.34715025906735764
Illinois,136032200.0,2021,Midwest (PADD 2),2.885,86960,0.2683188245136078,0.13452697229038418,1.5753623039251,0.3535927523042338,6.044892312261361,0.005880960537284554,0.0007351200671605692,0.0,0.0,63.64522517462777,1.248968994105807,0.43813156002769926,0.1587986507606287,0.5581608852903944,0.7169595360510231,0.009806501695921994,0.40384615384615374
Illinois,136032200.0,2022,Midwest (PADD 2),3.809,88750,0.49179532493042083,0.1889258572602663,1.7944280839389497,0.4072565172069554,5.9390350225902395,0.002205360201481708,0.0,0.0,0.0,63.26737346010724,1.259260675046055,0.43739643996053873,0.18393020101123114,0.5787747312768594,,0.00932132245159602,0.832876712328767
Illinois,136032200.0,2023,Midwest (PADD 2),3.363,81120,0.732179586891927,0.24553010243163015,2.0980326716762647,0.4520988413037501,5.68174299908404,0.002205360201481708,0.0,0.0,0.0,62.928483109146214,1.2511743543072888,0.43813156002769926,,,,0.008989757952338768,0.4887892376681615
Indiana,71242560.0,2018,Midwest (PADD 2),2.596,71920,0.047724281665341615,0.0575498690670296,0.8983394195829011,0.0,9.800321605512211,0.22598851023882355,0.0,0.0,0.0,68.51522460731339,2.36235194243441,1.0302830218341397,0.4167640447422861,0.7276194782829954,1.1443835230252815,0.012071435950645233,
Indiana,71242560.0,2019,Midwest (PADD 2),2.486,71850,0.07158642249801242,0.06597180112561929,0.9671185313947169,0.0,10.458635961425305,0.20353002474925103,0.0,0.0,0.0,68.60926951530097,2.4690297485098798,0.992384327570486,0.42258501194173825,0.7385063777289166,1.1610913896706547,0.011369608279096092,0.5
Indiana,71242560.0,2020,Midwest (PADD 2),2.027,78840,0.0982558740168798,0.074393733184209,1.056952473353007,0.0,10.869906976953102,0.1880898159751699,0.0,0.0,0.0,69.01352225411327,2.5785148652715457,0.9867697061980929,0.38924962157451953,0.6860590208998667,1.0753086426147516,0.012590788427591598,0.37254901960784315
Indiana,71242560.0,2021,Midwest (PADD 2),2.885,78150,0.14598015568222142,0.10527415073237122,1.2380240126126856,0.5769023460133943,8.245071485359313,0.011229242744786263,0.0014036553430982828,0.0,0.0,72.27421361613058,2.127941500136997,0.8562297592899526,0.40857663523040166,0.6952634856187089,1.1038401208491107,0.013082067797675996,0.48571428571428577
Indiana,71242560.0,2022,Midwest (PADD 2),3.809,78600,0.24844699572839607,0.14176918965292656,1.4162882411861675,0.6891947734612569,8.240860519330019,0.004210966029294849,0.0,0.0,0.0,71.82223659565294,2.1546109516558642,0.8267529970848886,0.7757636017010058,0.567315380020033,,0.013320689206002705,0.7019230769230769
Indiana,71242560.0,2023,Midwest (PADD 2),3.363,72810,0.36635404454865184,0.18107153925967848,1.671753513630055,0.7902579581643333,8.089265742275405,0.004210966029294849,0.0,0.0,0.0,72.5156423351435,2.1953169566057142,0.8211383757124955,,,,0.012243262725403816,0.47457627118644075
Iowa,32942510.0,2018,Midwest (PADD 2),2.596,77670,0.03339150538316601,0.060711827969392736,0.9319265593301785,0.0,13.071256561810255,0.33998623662859934,0.0,0.0,0.0,72.77830377830954,3.500036882435491,2.2099105380858957,0.5985242070209587,0.4117934657738587,1.0103176727948173,0.009683536561118141,
Iowa,32942510.0,2019,Midwest (PADD 2),2.486,82430,0.04856946237551419,0.07285419356327129,1.0047807528934498,0.0,13.626769787730199,0.30963032264390294,0.0,0.0,0.0,72.79044614390342,3.651816452358973,2.155269892913442,0.6057876909739118,0.41225917425417796,1.0180468652280898,0.01019958709885798,0.45454545454545436
Iowa,32942510.0,2020,Midwest (PADD 2),2.027,78080,0.06981860216480165,0.07892537636021056,1.1049552690429478,0.0,13.960684841561859,0.2883811828546155,0.0,0.0,0.0,72.92097657403761,3.8035960222824547,2.097593656342519,0.5426811991557413,0.36045267679967313,0.9031338759554144,0.010412078496750854,0.4375
Iowa,32942510.0,2021,Midwest (PADD 2),2.885,80510,0.11231688174337656,0.10928129034490693,1.2901263443495956,0.944068924924057,10.430292045141671,0.009106774195408911,0.0,0.0,0.0,76.6608251769522,3.0629117210558636,1.8092124734879036,0.6057078109712951,0.3972296591850469,1.002937470156342,0.010806705378551907,0.6086956521739129
Iowa,32942510.0,2022,Midwest (PADD 2),3.809,81110,0.1882066667051175,0.1487439785250122,1.4752974196562434,1.1231688174337655,10.287619249413599,0.003035591398469637,0.0,0.0,0.0,76.53636592961495,3.126659140423726,1.7667141939093285,0.5994532104566409,0.39356442481158843,,0.010260298926827373,0.6756756756756757
Iowa,32942510.0,2023,Midwest (PADD 2),3.363,79350,0.2732032258622673,0.18517107530664784,1.7363582799246322,1.2658416131618386,10.056914303129906,0.003035591398469637,0.0,0.0,0.0,77.26794345664614,3.1873709683931186,1.7454650541200412,,,,0.01216330070697144,0.4516129032258065
Kansas,30107610.0,2018,Midwest (PADD 2),2.596,69630,0.05646412983295585,0.05978554923489443,0.9831401429738196,0.0,9.82143717153238,0.40189174763456814,0.0,0.0,0.0,69.31802291845815,3.1387413348319577,1.0761398862280998,0.5096666202310646,0.5595120018983571,1.0691786221294217,0.013451748577851247,
Kansas,30107610.0,2019,Midwest (PADD 2),2.486,76700,0.07639264624458733,0.06974980744071017,1.0528899504145297,0.0,10.412649825077446,0.3753203924190595,0.0,0.0,0.0,69.5538436959958,3.2815623691153166,0.9798187235718809,0.5058664344967934,0.5517572004669251,1.0576236349637185,0.013617819547948176,0.3529411764705883
Kansas,30107610.0,2020,Midwest (PADD 2),2.027,86470,0.10296400146009596,0.07971406564652592,1.1292825966591171,0.0,10.784648798094567,0.3520704566054894,0.0,0.0,0.0,69.31138007965428,3.4177405645947982,0.9200331743369865,0.4549468227468072,0.47019475707304564,0.9251415801519948,0.014149246652258349,0.34782608695652173
Kansas,30107610.0,2021,Midwest (PADD 2),2.885,85500,0.14946387308723608,0.10960684026397313,1.272103630942476,0.710783752014856,8.665583219657755,0.013285677607754318,0.0033214194019385796,0.0,0.0,71.67955211323648,2.85309926626524,0.6609624609857774,0.5115683699237501,0.5410835722264238,1.0526519421501739,0.014049604070200191,0.4516129032258065
Kansas,30107610.0,2022,Midwest (PADD 2),3.809,85080,0.25242787454733207,0.14282103428335893,1.444817439843282,0.8303548504846449,8.639011864442246,0.006642838803877159,0.0033214194019385796,0.0,0.0,71.7160877266578,2.889634879686564,0.58456981474119,0.5030226670267085,0.5377045869798367,,0.013617819547948176,0.6888888888888891
Kansas,30107610.0,2023,Midwest (PADD 2),3.363,75950,0.3753203924190595,0.18599948650856046,1.673995378577044,0.9266760131408637,8.419798183914299,0.006642838803877159,0.0033214194019385796,0.0,0.0,72.02830115044004,2.9029205572943186,0.5347485237121113,,,,0.014472226056170996,0.48684210526315796
Kentucky,43738660.0,2018,Midwest (PADD 2),2.596,60790,0.02743568275754218,0.034294603446927724,0.8184978689333418,0.0,9.472169472041438,0.301792510332964,0.0,0.0,0.0,75.64703628323318,2.825875324026845,0.9396721344458198,0.6085153364068537,0.5242035497069413,1.132718886113795,0.016552861930383782,
Kentucky,43738660.0,2019,Midwest (PADD 2),2.486,65440,0.04343983103277512,0.04115352413631327,0.8687966206555024,0.0,10.10547648236137,0.2743568275754218,0.0,0.0,0.0,75.67447196599072,2.951622203332246,0.8893733827236591,0.608092671608138,0.5215791522187693,1.1296718238269075,0.01673576648210073,0.5833333333333333
Kentucky,43738660.0,2020,Midwest (PADD 2),2.027,65800,0.05944397930800806,0.048012444825698816,0.9442447482387434,0.0,10.489576040966961,0.24920745171434147,0.0,0.0,0.0,75.02058819360263,3.0567923205694916,0.8345020172085746,0.5768786268257875,0.48707272536470014,1.063951351961857,0.01783319379240242,0.368421052631579
Kentucky,43738660.0,2021,Midwest (PADD 2),2.885,66400,0.09602488965139763,0.0708755137903173,1.1042862309910728,0.6195891689411609,8.363310627257441,0.01371784137877109,0.0,0.0,0.0,78.25799875899261,2.656688613688668,0.6470248516987032,0.6033373134887992,0.4966362250238119,1.0999735385126108,0.018427633585482498,0.6153846153846154
Kentucky,43738660.0,2022,Midwest (PADD 2),3.809,62290,0.17375932413110048,0.10059750344432133,1.2757592482257114,0.7384771275571771,8.317584489328205,0.006858920689385545,0.0,0.0,0.0,77.02110672800676,2.6475433861028206,0.5898671792871569,0.5953070176361142,0.5031932848422882,,0.01701012330967615,0.8095238095238095
Kentucky,43738660.0,2023,Midwest (PADD 2),3.363,58090,0.26521159998957444,0.12803318620186352,1.5341119275259003,0.8436472447944221,8.258140510020196,0.006858920689385545,0.0,0.0,0.0,78.07738051417212,2.6886969102391336,0.557858882736691,,,,0.018564023617581773,0.5263157894736843
Louisiana,44537460.0,2018,Gulf Coast (PADD 3),2.446,53310,0.02020770829768918,0.02020770829768918,0.42660717517343827,0.0,12.106662571237786,0.21330358758671913,0.0,0.0,0.0,68.13814707888595,3.556556660393296,0.7229868968728796,0.43860125032646674,0.6850691935805275,1.1236704439069944,0.017311270108353732,
Louisiana,44537460.0,2019,Gulf Coast (PADD 3),2.283,59950,0.0314342129075165,0.022453009219654645,0.444569582549162,0.0,12.447948311376535,0.19085057836706448,0.0,0.0,0.0,68.04159913924144,3.644123396349949,0.6915526839653631,0.4445310188615381,0.7086623433469265,1.1531933622084647,0.016323337702688928,0.5555555555555556
Louisiana,44537460.0,2020,Gulf Coast (PADD 3),1.851,61120,0.04490601843930929,0.026943611063585577,0.48498499914454035,0.0,12.497344931659777,0.17288817099134077,0.0,0.0,0.0,68.23694031945243,3.702501220321051,0.6286842581503301,0.4259462171843657,0.6601980404809794,1.086144257665345,0.018591091633874048,0.4285714285714286
Louisiana,44537460.0,2021,Gulf Coast (PADD 3),2.692,59880,0.07184962950289486,0.04490601843930929,0.5837782397110208,1.2214437015492128,9.2775834095613,0.006735902765896394,0.0,0.0,0.0,71.51732496644398,2.5820960602602843,0.46477729084685115,0.47056763272984137,0.7582329475008228,1.2288005800061341,0.02180187195228466,0.6000000000000001
Louisiana,44537460.0,2022,Gulf Coast (PADD 3),3.517,64060,0.1324727543959624,0.06511372673699847,0.7050244894971559,1.3494258541012443,8.925071164812723,0.0022453009219654645,0.0,0.0,0.0,70.92905612488903,2.5910772639481463,0.44681488347112747,0.4781006395515146,0.7908174377254563,,0.02034242635300711,0.84375
Louisiana,44537460.0,2023,Gulf Coast (PADD 3),3.091,60640,0.1841146756011681,0.08981203687861858,0.9026109706301167,1.4414831919018283,8.534388804390732,0.0022453009219654645,0.0,0.0,0.0,70.56531737553063,2.5933225648701117,0.4288524760954037,,,,0.019224421342207754,0.38983050847457634
Maine,15209060.0,2018,New England (PADD 1A),2.742,65240,0.05260022644397484,0.1183505094989434,1.2887055478773837,0.0,8.725062561394328,0.09205039627695598,0.0,0.0,0.0,66.17765989482585,2.044833803009522,0.7692783117431321,0.6692391961699146,0.30278372261763714,0.9720229187875516,0.008942038495475724,
Maine,15209060.0,2019,New England (PADD 1A),2.574,70370,0.08547536797145912,0.14465062272093082,1.3544558309323522,0.0,9.290514995667056,0.08547536797145912,0.0,0.0,0.0,65.8817836210785,2.136884199286478,0.7364031702156478,0.6740159657319388,0.3037872751790709,0.9778032409110097,0.010322794439630063,0.625
Maine,15209060.0,2020,New England (PADD 1A),2.145,78660,0.12492553780444025,0.18410079255391196,1.4728063404312957,0.0,9.76391703366283,0.07890033966596227,0.0,0.0,0.0,65.862058536162,2.274959793701912,0.7166780852991572,0.5986127623929421,0.2618228766274839,0.8604356383629232,0.010783046421014842,0.4615384615384617
Maine,15209060.0,2021,New England (PADD 1A),2.956,74510,0.19725084916490565,0.2761511888308679,1.6766322179016981,0.5983275758002138,7.377181758767472,0.006575028305496855,0.0,0.0,0.0,68.66302059430366,1.8015577557061384,0.5851775191892201,0.6612547573617304,0.2960578582765799,0.9573126149808076,0.010059793307410188,0.5789473684210524
Maine,15209060.0,2022,New England (PADD 1A),3.982,79660,0.32875141527484275,0.37477661341332075,1.9001831802885911,0.6903779720771698,7.173355881297069,0.0,0.0,0.0,0.0,67.59786600881317,1.7621075858731572,0.5194272361342516,0.6683199829575267,0.2950215200676439,,0.011966551516004276,0.6666666666666667
Maine,15209060.0,2023,New England (PADD 1A),3.47,78150,0.4865520946067673,0.499702151217761,2.2092095106469434,0.7890033966596226,6.870904579244214,0.0,0.0,0.0,0.0,68.12386827325292,1.768682614178654,0.5194272361342516,,,,0.011241031151259795,0.48
Maryland,67408230.0,2018,Central Atlantic (PADD 1B),2.799,100500,0.12461386391542992,0.12461386391542992,1.4137739560881513,0.0,5.772292196368308,0.07269142061733412,0.0,0.0,0.0,60.45255898278297,1.5517393054230917,0.6037838406378568,0.15796110895546434,0.7288065078356901,0.8867676167911546,0.007595511705321443,
Maryland,67408230.0,2019,Central Atlantic (PADD 1B),2.656,103400,0.19582178615281845,0.14834983799455942,1.4938828686052135,0.0,5.94289451006205,0.06527392871760615,0.0,0.0,0.0,60.36206558160629,1.587343266541786,0.5844983616985642,0.1589185801938428,0.7343832278900513,0.893301808083894,0.00793671633270893,0.5714285714285714
Maryland,67408230.0,2020,Central Atlantic (PADD 1B),2.282,113000,0.26702970839020695,0.17653630721352573,1.627397722800317,0.0,6.031904412858786,0.06082343357776936,0.0,0.0,0.0,61.35749299454978,1.6570676903992287,0.5622458859993802,0.13950398400907427,0.6153760037906352,0.7548799876513594,0.008500445717088256,0.36363636363636354
Maryland,67408230.0,2021,Central Atlantic (PADD 1B),3.07,110900,0.37977558526607214,0.2551617213506422,1.9418993793487829,0.4109290512449296,5.1507063751711035,0.005933993519782377,0.0,0.0,0.0,64.9861300318967,1.3277310500513069,0.47620297996253574,0.15493605543418068,0.6847418564469058,0.8396779118810863,0.008352095879093696,0.4222222222222223
Maryland,67408230.0,2022,Central Atlantic (PADD 1B),4.033,109000,0.6838927531549189,0.3397211290075411,2.168874631480459,0.44950000912351507,4.849556204042147,0.004450495139836782,0.0,0.0,0.0,64.88673564044035,1.3114125678719053,0.471752484822699,0.15311231937109165,0.6887141228897421,,0.008366930862893151,0.80078125
Maryland,67408230.0,2023,Central Atlantic (PADD 1B),3.562,112500,1.0696023319407735,0.464334992922971,2.5026617669682176,0.47620297996253574,4.588460489171723,0.004450495139836782,0.0,0.0,0.0,64.20284288728543,1.2891600921727213,0.4673019896828622,,,,0.008544950668486623,0.5639913232104121
Massachusetts,77959970.0,2018,New England (PADD 1A),2.742,93300,0.1321190862438762,0.14879431072125862,1.3724992454460925,0.0,4.966651475109598,0.03335044895476486,0.0,0.0,0.0,59.873034840829206,0.9517705047859818,0.481016090693724,0.03936858588497404,0.8171220044433701,0.8564905903283441,0.004553618991900587,
Massachusetts,77959970.0,2019,New England (PADD 1A),2.574,103600,0.18086205010084022,0.16546953519864105,1.4417655625059886,0.0,5.132121010308239,0.02950232022921507,0.0,0.0,0.0,59.17139270320396,0.9312471515830496,0.4720371236674411,0.03915295399119574,0.7931944960743956,0.8323474500655913,0.004309904172615767,0.3689320388349515
Massachusetts,77959970.0,2020,New England (PADD 1A),2.145,103700,0.2693690107884854,0.20010269372858916,1.5726019391746815,0.0,5.373270410442693,0.02693690107884854,0.0,0.0,0.0,60.24886874635791,0.9684457292633643,0.4720371236674411,0.03454395172291626,0.659746022734488,0.6942899744574041,0.004399693842878596,0.4893617021276595
Massachusetts,77959970.0,2021,New England (PADD 1A),2.956,102700,0.3912264204308955,0.2847615256906846,1.7804008903543702,0.22447417565707117,3.936635686237437,0.005130838300733055,0.0,0.0,0.0,61.780423979126724,0.7657776163844086,0.3950745491564453,0.03713666051949481,0.7211369029516045,0.7582735634710993,0.00529759054550688,0.45238095238095255
Massachusetts,77959970.0,2022,New England (PADD 1A),3.982,96940,0.6336585301405324,0.3912264204308955,2.0343773862406564,0.25012836716073644,3.8096474382942938,0.0025654191503665276,0.0,0.0,0.0,61.28273266395561,0.7606467780836755,0.3873782917053457,0.035616730227063964,0.6948694310682777,,0.0055669595562953655,0.619672131147541
Massachusetts,77959970.0,2023,New England (PADD 1A),3.47,97260,0.9466396664852488,0.5618267939302696,2.4025150343182533,0.2732171395140352,3.655722289272302,0.0025654191503665276,0.0,0.0,0.0,61.458463875755726,0.7491023919070261,0.38481287255497915,,,,0.005150742414830728,0.4939271255060729
Michigan,107505650.0,2018,Midwest (PADD 2),2.596,69030,0.039067714115490676,0.1144125913382227,0.7348450988389913,0.0,12.5742228431715,0.14231810142071605,0.0,0.0,0.0,63.99570627218198,2.6538140088451168,0.6539191195997606,0.29025300056992354,0.6622323571188119,0.9524853576887355,0.009087894450198664,
Michigan,107505650.0,2019,Midwest (PADD 2),2.486,72510,0.06139212218148535,0.11534277500763913,0.8046088740452246,0.0,12.592826516559828,0.12185406069355426,0.0,0.0,0.0,63.1259845412776,2.091983072517584,0.6306645278643495,0.2909821151638077,0.6594211198745368,0.9504032350383446,0.009171610980446145,0.5714285714285714
Michigan,107505650.0,2020,Midwest (PADD 2),2.027,75790,0.09859946895814313,0.11627295867705559,0.8687915472349593,0.0,12.547247516758421,0.1041805709746418,0.0,0.0,0.0,62.5883383803549,2.022219297311351,0.5776440587076122,0.2566657946814888,0.5483802185280495,0.8050460132095384,0.01010179464986259,0.606060606060606
Michigan,107505650.0,2021,Midwest (PADD 2),2.885,75330,0.1627821421478778,0.1599915911396285,0.9897154242590971,0.48462569176596765,8.485135432416808,0.004650918347082224,0.0009301836694164447,0.0,0.0,65.7398006523378,1.6110781154292821,0.47997477341888545,0.2876350384375147,0.6122663727906393,0.8999014111351357,0.010576188321264977,0.6509433962264151
Michigan,107505650.0,2022,Midwest (PADD 2),3.809,72210,0.3078907945768432,0.22603463166819607,1.1422655460433941,0.5841553443935272,8.42467349390474,0.002790551008249334,0.0009301836694164447,0.0,0.0,65.78072873379213,1.631542156156444,0.46137110003055654,0.2837222243668123,0.6083308179616607,,0.010455264444240837,0.8914285714285717
Michigan,107505650.0,2023,Midwest (PADD 2),3.363,71730,0.46788238571647167,0.2706834478001854,1.3776020144057546,0.654849303269177,8.127014719691477,0.002790551008249334,0.0,0.0,0.0,66.31837489471484,1.6231705031316959,0.45951073269172366,,,,0.010657018074607368,0.5196374622356494
Minnesota,62612400.0,2018,Midwest (PADD 2),2.596,85630,0.07825925854942471,0.07666213082392626,1.133960685103909,0.0,10.552222882368348,0.1708926666283356,0.0,0.0,0.0,65.14204853990583,2.2168132829918674,0.6803764110623455,0.39404452741916934,0.5712325436679475,0.9652770710871168,0.006085056634149146,
Minnesota,62612400.0,2019,Midwest (PADD 2),2.486,86150,0.1229788348633817,0.09263340807891088,1.2361768595358107,0.0,11.253361953862173,0.1613099002753448,0.0,0.0,0.0,66.67049977320787,2.477145102248117,0.699541943768327,0.39652151020700377,0.5734298268637681,0.969951337070772,0.005813544920814407,0.5714285714285714
Minnesota,62612400.0,2020,Midwest (PADD 2),2.027,96250,0.16610128345184022,0.10700755760839706,1.3383930339677124,0.0,11.544039199902894,0.14533862302036019,0.0,0.0,0.0,66.47884444614805,2.5825555321310154,0.6867649219643394,0.3540285005845487,0.4703999056097514,0.8244284061943002,0.006292683238463946,0.35064935064935066
Minnesota,62612400.0,2021,Midwest (PADD 2),2.885,92130,0.23956915882476953,0.14214436756936324,1.5204655946745373,0.6404482179248838,8.76343982981007,0.004791383176495391,0.0,0.0,0.0,69.36006286294727,2.0555033827165228,0.47594406219854213,0.39206702538155386,0.5210286133417662,0.9130956387233199,0.007793983300432502,0.4423076923076923
Minnesota,62612400.0,2022,Midwest (PADD 2),3.809,90080,0.38810203729612663,0.19005819933431717,1.681775494949882,0.7490529032587794,8.488733861024334,0.0015971277254984634,0.0,0.0,0.0,66.76792456446327,2.033143594559544,0.40886469772760664,0.3838834489653806,0.5339996550204112,,0.007091247101213178,0.6199999999999999
Minnesota,62612400.0,2023,Midwest (PADD 2),3.363,93980,0.5925343861599299,0.2571375638052526,1.988424018245587,0.8416863113376902,8.247567574474065,0.0015971277254984634,0.0,0.0,0.0,67.38601299423118,2.042726360912535,0.3912962927471236,,,,0.007908535909709632,0.5267489711934155
Mississippi,28051300.0,2018,Gulf Coast (PADD 3),2.446,52960,0.010694691511623347,0.01782448585270558,0.48482601519359175,0.0,12.20264301476224,0.2245885217440903,0.0,0.0,0.0,75.78614894853358,3.197712761975381,0.5347345755811673,0.8496112761283791,0.6023870088127824,1.4519982849411615,0.0236352682406876,
Mississippi,28051300.0,2019,Gulf Coast (PADD 3),2.283,51320,0.01782448585270558,0.021389383023246694,0.5133451925579207,0.0,13.06534813003319,0.1996342415503025,0.0,0.0,0.0,77.2441918912849,3.390217209184601,0.5276047812400851,0.8554182472190237,0.6094304603718901,1.4648487075909142,0.022886639834873965,0.666666666666667
Mississippi,28051300.0,2020,Gulf Coast (PADD 3),1.851,52940,0.028519177364328928,0.02495428019378781,0.5632537529454963,0.0,13.582258219761652,0.1782448585270558,0.0,0.0,0.0,78.34931001415265,3.5506375818589513,0.491955809534674,0.8302202500418876,0.5837993315817805,1.414019581623668,0.026665430835647548,0.5999999999999999
Mississippi,28051300.0,2021,Gulf Coast (PADD 3),2.692,52800,0.04634366321703451,0.039213868875952275,0.6666357708911886,0.9767818247282657,10.872936370150404,0.007129794341082232,0.0,0.0,0.0,81.63258030822101,2.709321849611248,0.3422301283719471,0.8657148613433245,0.5906463497235422,1.4563612110668667,0.027307112326344946,0.625
Mississippi,28051300.0,2022,Gulf Coast (PADD 3),3.517,52230,0.08555753209298678,0.057038354728657856,0.7949720690306689,1.1265075058909926,10.76598945503417,0.003564897170541116,0.0,0.0,0.0,81.11567021849255,2.6879324665880016,0.32440564251924153,0.8430290453561867,0.5812208346850235,,0.025061227108904044,0.846153846153846
Mississippi,28051300.0,2023,Gulf Coast (PADD 3),3.091,50540,0.12833629813948016,0.07129794341082232,1.0053010020925948,1.2441491125188495,10.523576447437375,0.003564897170541116,0.0,0.0,0.0,81.12280001283364,2.680802672246919,0.30301625949599487,,,,0.027595991924647418,0.5
Missouri,63677360.0,2018,Midwest (PADD 2),2.596,69180,0.05496459024055017,0.0659575082886602,1.5484310279194993,0.0,11.69175355259703,0.27953420179479804,0.0,0.0,0.0,72.8406454036411,3.343417503489466,0.9516726195935259,0.5208489134437264,0.6820118722794097,1.202860785723136,0.014463539317584774,
Missouri,63677360.0,2019,Midwest (PADD 2),2.486,74050,0.07695042633677024,0.07852084320078596,1.35369933678155,0.0,12.005836925400173,0.24969628137849936,0.0,0.0,0.0,72.1009790606897,3.4486354333785196,0.877863026984787,0.5419442854785437,0.7013272615101348,1.2432715469886784,0.013835372571978486,0.3999999999999999
Missouri,63677360.0,2020,Midwest (PADD 2),2.027,71630,0.1052179298890532,0.08323209379283313,1.2186434864761981,0.0,11.685471885140966,0.21985836096220068,0.0,0.0,0.0,69.76262835017029,3.3324245854413563,0.8181871861521898,0.5108492443782217,0.6323677010164994,1.143216945394721,0.015500014447835149,0.3673469387755104
Missouri,63677360.0,2021,Midwest (PADD 2),2.885,72740,0.15704168640157193,0.11307001420913178,1.3442768355974557,0.8762926101207713,9.461761605694708,0.028267503552282944,0.0015704168640157193,0.0,0.0,71.95807112606427,2.702687422971053,0.6391596636543977,0.5726353732315536,0.6804148040999186,1.2530501773314724,0.015955435338399708,0.4925373134328357
Missouri,63677360.0,2022,Midwest (PADD 2),3.809,71210,0.28110461865881375,0.1633233538576348,1.493466437678949,0.9626655376416359,9.056594054778653,0.018845002368188632,0.0015704168640157193,0.0,0.0,69.79874793804265,2.767074514395697,0.6108921601021148,0.5695819930348871,0.6778076226778246,,0.01659930625264615,0.79
Missouri,63677360.0,2023,Midwest (PADD 2),3.363,74360,0.4224421364202285,0.21828794409818497,1.7887048081139043,1.1055734722670663,9.037749052410463,0.014133751776141472,0.0015704168640157193,0.0,0.0,72.37423159502843,2.798482851676012,0.5904767408699104,,,,0.015907781309422678,0.5027932960893855
Montana,11752250.0,2018,Rocky Mountain (PADD 4),2.775,70250,0.042545044565934186,0.03403603565274735,0.8509008913186836,0.0,10.525644025612117,0.3743963921802208,0.0,0.0,0.0,62.03067497713204,7.624071986215405,1.565657640026378,0.7448957422170223,0.33571741614924805,1.0806131583662704,0.015401306132868175,
Montana,11752250.0,2019,Rocky Mountain (PADD 4),2.646,69190,0.05956306239230785,0.042545044565934186,0.8934459358846178,0.0,10.976621498011019,0.33185134761428664,0.0,0.0,0.0,61.077665978855116,7.7346891020868345,1.4295134974153885,0.7607749890986834,0.3362019755799953,1.0969769646786784,0.01565657640026378,0.3999999999999999
Montana,11752250.0,2020,Rocky Mountain (PADD 4),2.248,71150,0.07658108021868153,0.05105405347912102,0.9530089982769256,0.0,11.112765640622008,0.3063243208747261,0.0,0.0,0.0,60.75432364015401,7.921887298176945,1.395477461762641,0.7167459448190772,0.3131922661617988,1.0299382109808761,0.018124188985087962,0.2857142857142858
Montana,11752250.0,2021,Rocky Mountain (PADD 4),3.177,66380,0.1361441426109894,0.0935990980450552,1.1827522389329703,2.33997745112638,8.551553957752771,0.008509008913186837,0.0,0.0,0.0,64.82162990065733,6.032887319449467,1.038099087408794,0.8039762666723393,0.343180121253377,1.1471563879257163,0.02033653130251654,0.7777777777777779
Montana,11752250.0,2022,Rocky Mountain (PADD 4),3.983,72790,0.28079729413516563,0.1446531515241762,1.455040524154949,2.8249909591780296,8.3388287349231,0.0,0.0,0.0,0.0,65.12795422153205,5.947797230317598,0.9359909804505521,0.7925710480971728,0.3572932842647153,,0.018124188985087962,1.0625
Montana,11752250.0,2023,Rocky Mountain (PADD 4),3.597,75870,0.3914144100065945,0.2127252228296709,1.7954008806824224,3.224914378097811,8.04101342296156,0.0,0.0,0.0,0.0,66.42983258524963,5.922270203578038,0.9189729626241784,,,,0.018960419171383906,0.3939393939393938
Nebraska,20497970.0,2018,Midwest (PADD 2),2.596,72910,0.04390678686718733,0.04878531874131926,0.8195933548541635,0.0,12.015824005986934,0.40979667742708176,0.0,0.0,0.0,71.92907395220112,4.107723838019082,1.6587008372048548,0.566736556350458,0.45652258069482005,1.0232591370452782,0.01122062331050343,
Nebraska,20497970.0,2019,Midwest (PADD 2),2.486,81060,0.06342091436371504,0.05366385061545118,0.8878928010920105,0.0,12.532948384644918,0.3756469543081583,0.0,0.0,0.0,72.03152312155788,4.244322730494775,1.580644327218744,0.5689918163127861,0.46729578474966055,1.0362876010624467,0.012098759047847176,0.44444444444444464
Nebraska,20497970.0,2020,Midwest (PADD 2),2.027,86370,0.08781357373437466,0.06342091436371504,0.985463438574649,0.0,12.820781765218701,0.35125429493749866,0.0,0.0,0.0,72.3242350340058,4.410192814215261,1.5464946040998204,0.5286459224986669,0.4193437911168764,0.9479897141033966,0.011366979266727388,0.3846153846153846
Nebraska,20497970.0,2021,Midwest (PADD 2),2.885,84520,0.131720360601562,0.09757063748263851,1.1562120541692664,1.053762884812496,9.87902704511715,0.009757063748263852,0.0,0.0,0.0,76.8319984857037,3.6003565231093613,1.3318392016380158,0.5790215933577813,0.4556987365090299,1.0347203303546644,0.010781555441831556,0.5
Nebraska,20497970.0,2022,Midwest (PADD 2),3.809,87470,0.2244124662100686,0.14147742434982585,1.3318392016380158,1.248904159777773,9.844877321998226,0.004878531874131926,0.0,0.0,0.0,76.92956912318634,3.6637774374730765,1.2635397554001688,0.567396796853542,0.4702904726663177,,0.011903617772881899,0.7037037037037037
Nebraska,20497970.0,2023,Midwest (PADD 2),3.363,81480,0.3366186993151029,0.18538421121701318,1.5904013909670078,1.4098957116241266,9.615586323914027,0.004878531874131926,0.0,0.0,0.0,78.07602411360735,3.7125627562143957,1.2342685641553772,,,,0.012154273376070059,0.5
Nevada,33756380.0,2018,West Coast (PADD 5),3.3,71030,0.15108255091333847,0.08590968581346697,1.1049763037387303,0.0,5.0894082837081465,0.1836689834632742,0.0,0.0,0.0,59.41691615036921,2.6839370809310714,0.9716681705799023,0.1688892203684163,0.6700340341649491,0.8389232545333655,0.009746305735389874,
Nevada,33756380.0,2019,West Coast (PADD 5),3.337,74210,0.23402983376772038,0.10664650652706245,1.1879235865931124,0.0,5.370836564821229,0.16885696866784888,0.0,0.0,0.0,60.36192269431734,2.82909482592624,0.9479689469072218,0.16705372085765713,0.6859328088937557,0.852986529751413,0.009005704995618606,0.5490196078431373
Nevada,33756380.0,2020,West Coast (PADD 5),2.82,83820,0.32586432549935745,0.12442092428157285,1.2708708694474942,0.0,5.44193423583927,0.15108255091333847,0.0,0.0,0.0,60.326373858808324,2.9357413324533024,0.8561344551755846,0.1579828479831072,0.5894713032025354,0.7474541511856426,0.009864801853753276,0.3924050632911391
Nevada,33756380.0,2021,West Coast (PADD 5),3.7,71550,0.5154581148808018,0.1866313864223593,1.4871262854607041,0.6309918302851195,3.9577703533376507,0.008887208877255205,0.002962402959085068,0.0,0.0,63.41616014513405,2.5091553063450527,0.6754278746713955,0.17568835787486692,0.6264298787369973,0.8021182366118642,0.011405251392477512,0.581818181818182
Nevada,33756380.0,2022,West Coast (PADD 5),4.952,72050,0.9746305735389874,0.260691460399486,1.7507801488192751,0.7317135308940118,3.871860667524184,0.005924805918170136,0.002962402959085068,0.0,0.0,63.91976864817851,2.523967321140478,0.6309918302851195,0.17557874392929573,0.6434339227132768,,0.012323596309793882,0.8908045977011494
Nevada,33756380.0,2023,West Coast (PADD 5),4.513,75200,1.4041790026063223,0.3140147136630172,2.0618324595232074,0.8057736048711385,3.7207781166108456,0.005924805918170136,0.002962402959085068,0.0,0.0,64.26340739143238,2.5417417388949883,0.6013678006942688,,,,0.00985356515287399,0.4407294832826749
New Hampshire,16005250.0,2018,New England (PADD 1A),2.742,92550,0.07497539869730245,0.12495899782883742,1.2933256275284672,0.0,7.791193514628013,0.08747129848018619,0.0,0.0,0.0,71.57651395635807,2.0993111635244683,0.9871760828478156,0.34264011758266816,0.5181070157810719,0.8607471333637401,0.00918448634041955,
New Hampshire,16005250.0,2019,New England (PADD 1A),2.574,97580,0.11871104793739554,0.13745489761172117,1.3683010262257698,0.0,8.31602130550913,0.08122334858874432,0.0,0.0,0.0,72.27628434419955,2.1867824620046545,0.9809281329563737,0.3470231952337514,0.5169509059749146,0.8639741012086659,0.006310429390356289,0.5833333333333333
New Hampshire,16005250.0,2020,New England (PADD 1A),2.145,102700,0.1686946470689305,0.15619874728604677,1.455772324705956,0.0,8.490963902469503,0.07497539869730245,0.0,0.0,0.0,72.45122694115993,2.3492291591821433,0.9871760828478156,0.3084812933256275,0.4385395754518049,0.7470208687774325,0.006497867887099546,0.42105263157894735
New Hampshire,16005250.0,2021,New England (PADD 1A),2.956,104000,0.24991799565767484,0.21867824620046547,1.6869464706893051,0.7060183377329314,6.422892488402243,0.012495899782883742,0.0,0.0,0.0,74.18815701098077,1.8306493181924681,0.7934896362131175,0.3392041311444682,0.48113967541900315,0.8203438065634713,0.007372580871901407,0.4814814814814816
New Hampshire,16005250.0,2022,New England (PADD 1A),3.982,99490,0.43735649240093094,0.2999015947892098,1.9431124162384217,0.8059855359960013,5.960544196435545,0.006247949891441871,0.0,0.0,0.0,73.76954436825417,1.83689726808391,0.76849783664735,0.3426525221411724,0.4870901735368082,,0.009122006841505131,0.75
New Hampshire,16005250.0,2023,New England (PADD 1A),3.47,88350,0.6185470392527452,0.41236469283516347,2.2992455600506085,0.86846503491042,5.598163102731916,0.006247949891441871,0.0,0.0,0.0,74.05695006326049,1.8244013683010263,0.76849783664735,,,,0.007865953466777334,0.41428571428571437
New Jersey,100493600.0,2018,Central Atlantic (PADD 1B),2.799,87180,0.1333418247530191,0.10746953039795569,0.8876187140275599,0.0,5.37447160814221,0.03781335328816959,0.0,0.0,0.0,63.02291887244561,1.0916118041347906,0.5045097399237364,0.04844088876008024,0.7231397011670395,0.7715805899271198,0.005602346816115653,
New Jersey,100493600.0,2019,Central Atlantic (PADD 1B),2.656,88980,0.20100782537395415,0.11642532459778532,0.9940931561810901,0.0,5.583440139471568,0.032837912066042016,0.0,0.0,0.0,63.52742861236934,1.1035528630678968,0.511475357634715,0.049429833380931716,0.7287818855627621,0.7782117189436938,0.0055525924038943774,0.5074626865671641
New Jersey,100493600.0,2020,Central Atlantic (PADD 1B),2.282,103700,0.30250682630535675,0.12737129528646599,1.0408623036690894,0.0,5.457063932429527,0.02885755908833995,0.0,0.0,0.0,61.967130245110134,1.061759156802025,0.46769147487999235,0.04229911884935956,0.6178538655197943,0.6601529844686626,0.0058312171123335215,0.504950495049505
New Jersey,100493600.0,2021,Central Atlantic (PADD 1B),3.07,100100,0.47565218083539645,0.18409132521872038,1.2090322169770014,0.23782609041769823,4.101753743521975,0.004975441222127578,0.0009950882444255155,0.0,0.0,63.14929507948764,0.8597562431836455,0.37912862112612145,0.04672828110446834,0.6863806672265697,0.733108948331038,0.006886010651424568,0.5723684210526316
New Jersey,100493600.0,2022,Central Atlantic (PADD 1B),4.033,99170,0.8657267726501986,0.2666836495060382,1.4189958365507853,0.25772785530620856,4.022146683967934,0.0029852647332765467,0.0,0.0,0.0,63.083619255355565,0.8508004489838158,0.36718756219301524,0.047324120541009575,0.7018556405582047,,0.006816354474314782,0.8200836820083683
New Jersey,100493600.0,2023,Central Atlantic (PADD 1B),3.562,96010,1.341378953485595,0.40699109197003586,1.7334437217892482,0.27663453195029336,3.9017410063924465,0.0029852647332765467,0.0,0.0,0.0,64.01402676389341,0.8418446547839862,0.3622121209708877,,,,0.006674297049076105,0.5494252873563219
New Mexico,21264720.0,2018,Gulf Coast (PADD 3),2.446,55800,0.06113412262188263,0.06113412262188263,1.1756562042669736,0.0,8.638721788953722,0.32448111237768473,0.0,0.0,0.0,69.53771316998295,4.702624817067894,1.5753793137177445,0.7608566962529955,0.5224099995751179,1.2832666958281136,0.018434289282906146,
New Mexico,21264720.0,2019,Gulf Coast (PADD 3),2.283,57920,0.08934987152429,0.0752419970730863,1.2603034509741957,0.0,9.127794769928784,0.3009679882923452,0.0,0.0,0.0,70.0879202735799,4.904837684201814,1.4860294421934546,0.7723136650997521,0.5337028284348442,1.3060164935345964,0.019986155472538552,0.4615384615384617
New Mexico,21264720.0,2020,Gulf Coast (PADD 3),1.851,62780,0.12226824524376526,0.08934987152429,1.34024807286435,0.0,9.306494512977363,0.28215748902407367,0.0,0.0,0.0,70.1020281480311,5.083537427250394,1.424895319571572,0.6682690479818215,0.4489069886647931,1.117176036176352,0.01871644677193022,0.368421052631579
New Mexico,21264720.0,2021,Gulf Coast (PADD 3),2.692,59550,0.19751024231685158,0.13167349487790103,1.5424609399982694,1.1850614539011093,7.378418337979526,0.009405249634135788,0.004702624817067894,0.0,0.0,73.78418337979527,4.119499339751475,1.1521430801816341,0.7549511919272861,0.5064528256191476,1.2614040175464336,0.02271367786643793,0.6153846153846154
New Mexico,21264720.0,2022,Gulf Coast (PADD 3),3.517,59870,0.3338863620118205,0.18340236786564787,1.7681869312175282,1.3449506976814178,7.331392089808848,0.004702624817067894,0.004702624817067894,0.0,0.0,74.51309022644078,4.1383098390197475,1.109819456828023,0.7569928966852137,0.5047797478640678,,0.02191423164753639,0.6904761904761902
New Mexico,21264720.0,2023,Gulf Coast (PADD 3),3.091,58660,0.4843703561579931,0.23042861603632683,2.0832627939610773,1.509542566278794,7.129179222674928,0.004702624817067894,0.004702624817067894,0.0,0.0,75.12913407747668,4.161822963105086,1.0769010831085477,,,,0.019801293669384847,0.45070422535211274
New York,217133820.0,2018,Central Atlantic (PADD 1B),2.799,75310,0.07138454985962113,0.11191255236056732,0.7976647764958954,0.0,4.623416103488623,0.035922547671293215,0.0,0.0,0.0,45.90394992360011,0.8501669615539393,0.49278366677286844,0.11653335308635937,0.4522882088119667,0.5688215618983261,0.004439658455785469,
New York,217133820.0,2019,Central Atlantic (PADD 1B),2.656,80700,0.10592546108201845,0.12895273523028333,0.841877142860564,0.0,4.733486473917329,0.03223818380757083,0.0,0.0,0.0,45.75657536905121,0.8570751437984189,0.493704757738799,0.11737909664671309,0.4536335365808053,0.5710126332275184,0.004301494810895879,0.4838709677419355
New York,217133820.0,2020,Central Atlantic (PADD 1B),2.282,84940,0.15013782744668702,0.15013782744668702,0.8874711456741284,0.0,4.699866653660862,0.028553819943848452,0.0,0.0,0.0,45.55163262913165,0.8745758721511001,0.4725196655223953,0.10096231425394717,0.3709903025240379,0.4719526167779851,0.00481270029698736,0.4173913043478261
New York,217133820.0,2021,Central Atlantic (PADD 1B),3.07,80320,0.23902310565898946,0.20540328540252273,1.0205687902510996,0.19803455767507797,3.05664037044068,0.004144909346687678,0.0004605454829652976,0.0,0.0,46.59062323870137,0.7018713160391136,0.3831738418271276,0.1074356793888672,0.3847481683415324,0.49218384773039964,0.00532390578307884,0.5920245398773005
New York,217133820.0,2022,Central Atlantic (PADD 1B),4.033,81660,0.3900820240716071,0.27540619881324796,1.1955760737779126,0.22290401375520405,2.915713452653299,0.0018421819318611905,0.0004605454829652976,0.0,0.0,45.99651956567613,0.7000291341072523,0.3721207502359605,0.1133556776645849,0.41803252943277097,,0.005411409424842247,0.6319845857418112
New York,217133820.0,2023,Central Atlantic (PADD 1B),3.562,78920,0.6046962191334357,0.42508348077696967,1.4461128165110344,0.2500761972501566,2.7222843498078744,0.0018421819318611905,0.0004605454829652976,0.0,0.0,45.61933281512756,0.6931209518627729,0.3642914770255504,,,,0.006054585013121369,0.550177095631641
North Carolina,106736160.0,2018,Lower Atlantic (PADD 1C),2.563,60630,0.06839294199828812,0.06089782506696887,1.1186462019993975,0.0,7.411733755458319,0.20892638446052397,0.0,0.0,0.0,67.51039197962527,2.1482878904393785,0.9293944994835864,0.38567740507415665,0.7491512099290906,1.1348286150032472,0.013453734891718045,
North Carolina,106736160.0,2019,Lower Atlantic (PADD 1C),2.41,64020,0.10867919550412905,0.07588805892960736,1.1861022543812705,0.0,7.9298337133357615,0.19299926098147058,0.0,0.0,0.0,68.49693674571017,2.272894209422561,0.9022247006075541,0.38991533264486,0.7575369835912683,1.1474523162361283,0.013650481711165176,0.5890410958904109
North Carolina,106736160.0,2020,Lower Atlantic (PADD 1C),2.012,72290,0.15177611785921472,0.08713073432658623,1.249810748297484,0.0,8.23338594905419,0.18456725443373642,0.0,0.0,0.0,69.11059944446193,2.4012480868714032,0.8750549017315219,0.34530972352762174,0.6510008554739087,0.9963105789078415,0.01440936230046125,0.39655172413793105
North Carolina,106736160.0,2021,Lower Atlantic (PADD 1C),2.833,70700,0.23609618333655621,0.12648009821601228,1.420324658484997,0.5715026660130924,6.442989892085306,0.007495116931319245,0.0018737792328298113,0.0,0.0,72.00746213841681,1.967468194471302,0.7214050046394773,0.38043136262350075,0.7226103237178478,1.1030416862476597,0.015861541205904352,0.5555555555555556
North Carolina,106736160.0,2022,Lower Atlantic (PADD 1C),3.654,70430,0.427221665085197,0.17613524788600227,1.6423674975753295,0.6680022965038277,6.326815579649858,0.002810668849244717,0.0009368896164149057,0.0,0.0,72.14331113279698,1.9637206360056423,0.6904876472977854,0.3844310143816304,0.7340342766687503,,0.015271300747562963,0.8095238095238098
North Carolina,106736160.0,2023,Lower Atlantic (PADD 1C),3.279,67660,0.6576965107232637,0.22204283909033265,1.9730895321697912,0.7513854723647544,6.136626987517632,0.002810668849244717,0.0009368896164149057,0.0,0.0,72.74010981845328,1.964657525622057,0.6717498549694874,,,,0.013789076761317586,0.5394736842105261
North Dakota,8128390.0,2018,Midwest (PADD 2),2.596,73630,0.012302559301411472,0.024605118602822943,0.45519469415222447,0.0,16.399311548781494,0.5290100499606933,0.0,0.0,0.0,68.93123976580848,6.729499937872076,1.9561069289244242,0.8466758002808675,0.36582306709446766,1.2124988673753352,0.012917687266482045,
North Dakota,8128390.0,2019,Midwest (PADD 2),2.486,79780,0.024605118602822943,0.024605118602822943,0.4921023720564589,0.0,16.70687553131678,0.4921023720564589,0.0,0.0,0.0,69.3741319006593,6.9755511239003045,1.722358302197606,0.8459050596631067,0.36295281637199983,1.2088578760351065,0.012302559301411472,1.0
North Dakota,8128390.0,2020,Midwest (PADD 2),2.027,82780,0.024605118602822943,0.036907677904234416,0.5413126092621048,0.0,16.682270412713954,0.45519469415222447,0.0,0.0,0.0,69.78011635760588,7.09857671691442,1.537819912676434,0.7241363517252494,0.3545029335452654,1.078639285270515,0.012302559301411472,0.0
North Dakota,8128390.0,2021,Midwest (PADD 2),2.885,75010,0.049210237205645886,0.049210237205645886,0.6643382022762195,1.9684094882258356,11.77354925145078,0.012302559301411472,0.0,0.0,0.0,74.67653495956763,5.26549538100411,1.1072303371270324,0.7740656206210578,0.36461822944027045,1.138683850061328,0.012425584894425587,1.0
North Dakota,8128390.0,2022,Midwest (PADD 2),3.809,77140,0.07381535580846883,0.07381535580846883,0.8119689138931572,2.2513683521582992,11.502892946819726,0.0,0.0,0.0,0.0,75.57462178857067,5.388520974018225,0.9595996255100948,0.7732457239379508,0.35615909177586214,,0.012056508115383243,0.5
North Dakota,8128390.0,2023,Midwest (PADD 2),3.363,81840,0.12302559301411473,0.09842047441129177,1.0088098627157407,2.5097220974879404,11.060000811968914,0.0,0.0,0.0,0.0,76.92790331172594,5.4869414484295165,0.885784269701626,,,,0.013638871777254442,0.6666666666666667
Ohio,126606420.0,2018,Midwest (PADD 2),2.596,74270,0.05055035913660619,0.05686915402868196,0.8285519802234358,0.0,8.494040033672858,0.139013487625667,0.0,0.0,0.0,68.92146543595499,1.7439873902129135,0.7582553870490928,0.2735824036608491,0.6305932347938595,0.9041756384547087,0.008435591180921157,
Ohio,126606420.0,2019,Midwest (PADD 2),2.486,73930,0.0805646348739661,0.06792704508981456,0.9043775189283451,0.0,8.904761701657783,0.12479619911849651,0.0,0.0,0.0,68.99966052274442,1.828501271894427,0.7282411113117329,0.2766206269866094,0.6292859504388877,0.9059065774254972,0.009106963138204208,0.5937499999999998
Ohio,126606420.0,2020,Midwest (PADD 2),2.027,76440,0.11452815741887339,0.07503568934339981,0.9802030576332543,0.0,9.110912385011755,0.1113687599728355,0.0,0.0,0.0,68.64501815942667,1.9027471118763173,0.7021760823819203,0.24629241147486833,0.5681602531688361,0.8144526646437045,0.0097151471465665,0.42156862745098045
Ohio,126606420.0,2021,Midwest (PADD 2),2.885,70640,0.167448064640008,0.10347026635774079,1.1350135324891109,0.4312577513841715,6.911971762569387,0.00947819233811366,0.0007898493615094717,0.0,0.0,71.23809361326227,1.5733799281268674,0.5434163607185165,0.2688110310677768,0.6231106902003863,0.8919217212681633,0.010694560354838246,0.4620689655172414
Ohio,126606420.0,2022,Midwest (PADD 2),3.809,70200,0.2693386322747298,0.14059318634868595,1.3087803920211944,0.500764495197005,6.859841704709761,0.005528945530566301,0.0007898493615094717,0.0,0.0,70.04621092674448,1.5560032421736592,0.49523554966643873,0.268428787576491,0.6049693214609496,,0.010070579359245763,0.6084905660377358
Ohio,126606420.0,2023,Midwest (PADD 2),3.363,70200,0.3980840782007737,0.1895638467622732,1.5781190242959244,0.5552641011411585,6.583394428181446,0.005528945530566301,0.0007898493615094717,0.0,0.0,70.14968119310221,1.5496844472815834,0.4810182611592682,,,,0.00977152604926735,0.4780058651026393
Oklahoma,37614540.0,2018,Gulf Coast (PADD 3),2.446,63490,0.09836621689378629,0.03456110323295194,0.7390758999046645,0.0,16.724915418346203,0.45461143483344474,0.0,0.0,0.0,85.18514383001892,4.740188235719485,1.714762429634923,0.587442108245907,0.6204156196207636,1.2078577278666707,0.017413478936602708,
Oklahoma,37614540.0,2019,Gulf Coast (PADD 3),2.283,65300,0.09039057768618199,0.04253674244055623,0.7576857247224078,0.0,16.52286589175356,0.417391785197958,0.0,0.0,0.0,85.82319496662727,4.9688232263374745,1.6482987695715539,0.5854134334621665,0.6015806546271734,1.18699408808934,0.01701469697622249,-0.08108108108108114
Oklahoma,37614540.0,2020,Gulf Coast (PADD 3),1.851,70210,0.09039057768618199,0.04785383524562576,0.8002224671629641,0.0,15.262714896952083,0.39346486757514515,0.0,0.0,0.0,83.10881908963927,5.072506536036331,1.6110791199360672,0.5548839767813191,0.5617102588520291,1.1165942356333483,0.01736030800855201,0.0
Oklahoma,37614540.0,2021,Gulf Coast (PADD 3),2.692,61380,0.18875679457996827,0.18343970177489874,1.0288574577809537,1.3478830260851256,10.397574980313463,0.06380511366083434,0.007975639207604293,0.0,0.0,91.18016596773481,3.9479414077641253,1.2947120980344302,0.5972167278929903,0.592742279980029,1.1899590078730193,0.020258123587314904,1.0882352941176472
Oklahoma,37614540.0,2022,Gulf Coast (PADD 3),3.517,67300,0.4333430636131666,0.3057328362914979,1.2495168091913393,1.6004449343259282,10.123744700852383,0.05317092805069529,0.007975639207604293,0.0,0.0,94.0620302680825,3.9213559437387775,1.2282484379710612,0.5834563285899548,0.6013366107893383,,0.018875679457996827,1.295774647887324
Oklahoma,37614540.0,2023,Gulf Coast (PADD 3),3.091,65960,0.6061485797779262,0.8773203128364723,1.4994201710296071,1.6775427799994362,9.36871752253251,0.04785383524562576,0.005317092805069529,0.0,0.0,94.84364291042772,3.8735021084931516,1.196345881140644,,,,0.01891051558327142,0.39877300613496924
Oregon,44715310.0,2018,West Coast (PADD 5),3.3,76480,0.3086191284372176,0.1878551216574368,2.1536247875727574,0.0,4.709796264411451,0.301910016949452,0.0,0.0,0.0,71.0584361374214,5.322561780294043,1.9165695150050397,0.32626311628276755,0.4978040082021124,0.8240671244848801,0.011226579889527771,
Oregon,44715310.0,2019,West Coast (PADD 5),3.337,82970,0.42043765323331095,0.23258253157587414,2.281097905840304,0.0,4.973687982930231,0.2706008300065459,0.0,0.0,0.0,69.90446896152571,5.4455621575697455,1.7913327672334152,0.30432570402173215,0.4964842495109617,0.8008099535326939,0.011025306544894803,0.3623188405797102
Oregon,44715310.0,2020,West Coast (PADD 5),2.82,87960,0.5098924730701856,0.2638917185187803,2.3727890961731006,0.0,4.964742500946544,0.24376438405548348,0.0,0.0,0.0,66.87195056905566,5.505944160959636,1.847242029631462,0.2767692067884579,0.4455332540465447,0.7223024608350026,0.011338398414323865,0.21276595744680837
Oregon,44715310.0,2021,West Coast (PADD 5),3.7,89910,0.6776202602643256,0.3779466138107955,2.75520845097574,0.9817666477096995,4.331849650600656,0.0067091114877656,0.0022363704959218666,0.0,0.0,69.20895773729401,4.870814940117826,1.429040746894073,0.33256663701984845,0.4913564351896476,0.8239230722094961,0.013395859270571981,0.32894736842105265
Oregon,44715310.0,2022,West Coast (PADD 5),4.952,91660,1.0510941330832773,0.50318336158242,3.106318618835473,1.122657988952777,4.166358233902438,0.0022363704959218666,0.0022363704959218666,0.0,0.0,68.5537011819889,4.832796641687154,1.189749103830433,0.32659363090628246,0.49137532536395256,,0.013440586680490418,0.5511551155115508
Oregon,44715310.0,2023,West Coast (PADD 5),4.513,90230,1.4402225993736821,0.6440747028254976,3.508865308101409,1.241185625236636,4.128339935471766,0.0022363704959218666,0.0022363704959218666,0.0,0.0,68.75273815612594,4.852923976150451,1.140548952920152,,,,0.010307354499479886,0.370212765957447
Pennsylvania,140438420.0,2018,Central Atlantic (PADD 1B),2.799,75000,0.05696446883979469,0.06764530674725619,0.8174401278510538,0.0,6.360795001823575,0.0847346473991946,0.0,0.0,0.0,61.671158077682726,1.6163668033291743,0.5518432918855111,0.24436271325781075,0.4827135866055741,0.7270762998633848,0.00847346473991946,
Pennsylvania,140438420.0,2019,Central Atlantic (PADD 1B),2.656,77400,0.08544670325969203,0.07975025637571256,0.8993265518082586,0.0,6.634936508115087,0.07476586535223052,0.0,0.0,0.0,61.78437495950182,1.6662107135639947,0.5190887223026291,0.24569318757157046,0.4867524620663276,0.7324456496378982,0.007540671562667822,0.5
Pennsylvania,140438420.0,2020,Central Atlantic (PADD 1B),2.282,83430,0.12460977558705089,0.0911431501436715,1.0025746515803866,0.0,6.787316462261537,0.06835736260775363,0.0,0.0,0.0,62.52918538958213,1.716054623798815,0.49487882304571634,0.2214399152311739,0.40504456771871966,0.6264844829498936,0.008039110665016025,0.4583333333333335
Pennsylvania,140438420.0,2021,Central Atlantic (PADD 1B),3.07,82810,0.1908309706133122,0.12674594316854318,1.1976779573566834,0.41726473425149607,5.148163871396445,0.008544670325969204,0.0007120558604974336,0.0,0.0,64.33780727524561,1.3885089279699956,0.36314848885369116,0.2437477575580813,0.4874342124469928,0.731181970005074,0.008758287084118433,0.5314285714285714
Pennsylvania,140438420.0,2022,Central Atlantic (PADD 1B),4.033,81330,0.33751447787578354,0.18086218856634814,1.4212634975528775,0.4849100409987523,4.973710185574574,0.003560279302487168,0.0007120558604974336,0.0,0.0,63.293933383756375,1.3650110845735803,0.3211371930843426,0.2314812994193469,0.47994701165108516,,0.008395138595264742,0.7686567164179106
Pennsylvania,140438420.0,2023,Central Atlantic (PADD 1B),3.562,75070,0.4998632140691984,0.27698972973350167,1.7473850816607022,0.5262092809076034,4.711673628911519,0.003560279302487168,0.0007120558604974336,0.0,0.0,63.27613198724394,1.3678593080155699,0.29763934968792727,,,,0.009748535803217107,0.4810126582278482
Rhode Island,12272760.0,2018,New England (PADD 1A),2.742,80030,0.0570368849386772,0.09777751703773234,1.0103676760565676,0.0,4.522210162995121,0.04888875851886617,0.0,0.0,0.0,64.53316124490334,1.0755526874150558,0.6355538607452602,0.07441812516051809,0.578131277492186,0.652549402652704,0.004807394587688507,
Rhode Island,12272760.0,2019,New England (PADD 1A),2.574,74690,0.08962939061792131,0.10592564345754336,1.0674045609952447,0.0,4.701468944230964,0.040740632099055145,0.0,0.0,0.0,64.53316124490334,1.0674045609952447,0.6355538607452602,0.07482425683138919,0.5428715392100065,0.6176957960413957,0.004644432059292286,0.5714285714285714
Rhode Island,12272760.0,2020,New England (PADD 1A),2.145,82920,0.13037002271697645,0.13037002271697645,1.148885825193355,0.0,4.815542714108318,0.040740632099055145,0.0,0.0,0.0,63.99538490119582,1.0837008138348667,0.6111094814858271,0.06289556138961408,0.49639943745335197,0.5592949980281534,0.0054592447012733894,0.4545454545454546
Rhode Island,12272760.0,2021,New England (PADD 1A),2.956,93790,0.2037031604952757,0.19555503407546468,1.3281446064291977,0.2037031604952757,3.5933237511366634,0.008148126419811028,0.0,0.0,0.0,64.8672344281156,0.9207382854386462,0.5133319644480948,0.08197571124995519,0.5312777117779538,0.613253423027909,0.005133319644480948,0.5625
Rhode Island,12272760.0,2022,New England (PADD 1A),3.982,83970,0.3503694360518742,0.27703629827357495,1.5155515140848512,0.2281475397547088,3.511842486938553,0.0,0.0,0.0,0.0,63.7590892350213,0.9125901590188352,0.49703571160847276,0.0721703976937543,0.5414430005964428,,0.004237025738301735,0.72
Rhode Island,12272760.0,2023,New England (PADD 1A),3.47,83860,0.5214800908679058,0.41555444741036246,1.8007359387782373,0.2525919190141419,3.4140649699008208,0.0,0.0,0.0,0.0,63.71834860292224,0.8962939061792131,0.4888875851886617,,,,0.005748643674114953,0.4883720930232558
South Carolina,52766100.0,2018,Lower Atlantic (PADD 1C),2.563,66740,0.03790312340688434,0.04169343574757278,0.8300784026107672,0.0,8.759411819330973,0.26721702001853465,0.0,0.0,0.0,74.02480001364512,2.1320506916372444,1.169311357102382,0.4850828453080671,0.5913787986558605,1.0764616439639276,0.01963381792476609,
South Carolina,52766100.0,2019,Lower Atlantic (PADD 1C),2.41,68910,0.05685468511032652,0.04927406042894965,0.881247619210061,0.0,9.358281169159746,0.24637030214474825,0.0,0.0,0.0,74.94584591243242,2.2552358427096184,1.1295130775251534,0.4930225383947271,0.6050195260344237,1.0980420644291506,0.019065271073662824,0.5000000000000002
South Carolina,52766100.0,2020,Lower Atlantic (PADD 1C),2.012,73320,0.08338687149514556,0.05685468511032652,0.9418926166610759,0.0,9.771425214294784,0.2312090527819945,0.0,0.0,0.0,75.8839482167528,2.4106386486778444,1.0650777677334502,0.4622438794983901,0.5606107946200307,1.022854673928905,0.020202364775869355,0.4666666666666668
South Carolina,52766100.0,2021,Lower Atlantic (PADD 1C),2.833,70590,0.14024155660547208,0.08907234000617821,1.0878196417775807,0.6083451306804938,7.804253109477487,0.007580624681376869,0.0018951561703442173,0.0,0.0,79.60793009147919,1.988018822691084,0.8717718383583399,0.49304854537288145,0.5965137851764675,1.0895623303598332,0.022703970920723723,0.6818181818181817
South Carolina,52766100.0,2022,Lower Atlantic (PADD 1C),3.654,70040,0.2558460829964693,0.12697546341306257,1.2659643217899372,0.7258448132418353,7.79667248479611,0.0018951561703442173,0.0018951561703442173,0.0,0.0,80.6332095796354,2.039188039290378,0.8622960575066189,0.5007099220901299,0.6172144615577047,,0.02073300850356574,0.8243243243243243
South Carolina,52766100.0,2023,Lower Atlantic (PADD 1C),3.279,64220,0.39608763960194143,0.17056405533097954,1.5748747775560445,0.8452396519735209,7.667801865212703,0.0018951561703442173,0.0018951561703442173,0.0,0.0,81.9655043673874,2.0865669435489833,0.8509251204845536,,,,0.01851371527787989,0.5481481481481483
South Dakota,9572730.0,2018,Midwest (PADD 2),2.596,69650,0.020892681607023286,0.03133902241053493,0.6581194706212334,0.0,14.133899107151253,0.5223170401755821,0.0,0.0,0.0,71.98573447699873,6.476731298177218,2.2564096135585148,0.7088762524321693,0.306446036259249,1.0153222886914182,0.013580243044565135,
South Dakota,9572730.0,2019,Midwest (PADD 2),2.486,71330,0.03133902241053493,0.04178536321404657,0.6894584930317684,0.0,14.31148690081095,0.4700853361580239,0.0,0.0,0.0,71.36940036959155,6.602087387819358,2.0892681607023285,0.7243155729201598,0.3122120993117951,1.0365276722319547,0.010655267619581875,0.5
South Dakota,9572730.0,2020,Midwest (PADD 2),2.027,75950,0.04178536321404657,0.05223170401755821,0.7521365378528383,0.0,14.56219908009523,0.4282999729439773,0.0,0.0,0.0,71.91261009137415,6.842353226300125,2.03703645668477,0.7144259516355314,0.3033096243182457,1.017735574909143,0.014729340532951416,0.3333333333333335
South Dakota,9572730.0,2021,Midwest (PADD 2),2.885,82110,0.0731243856245815,0.0731243856245815,0.9088316499055129,1.7654315957934676,10.968657843687225,0.010446340803511643,0.0,0.0,0.0,75.86132691510154,5.3380801505944495,1.640075506151328,0.7403386338066571,0.30365934064786115,1.0439979744545183,0.015460584389197231,0.75
South Dakota,9572730.0,2022,Midwest (PADD 2),3.809,82750,0.1253560896421397,0.10446340803511642,1.0759731027616992,2.0892681607023285,11.041782229311806,0.0,0.0,0.0,0.0,77.24024390116509,5.536560625861171,1.5147194165091882,0.7443560697940922,0.3179866140588944,,0.01431148690081095,0.7142857142857142
South Dakota,9572730.0,2023,Midwest (PADD 2),3.363,69850,0.17758779365969793,0.13580243044565135,1.2431145556178855,2.245963272755003,10.320984713869503,0.0,0.0,0.0,0.0,75.03606599162413,5.348526491397961,1.3893633268670484,,,,0.015637091526911735,0.41666666666666674
Tennessee,70298590.0,2018,,,67680,0.05547764187019968,0.0412526054932254,0.8421221535168771,0.0,8.074130647570598,0.2716981948002087,0.0,0.0,0.0,71.97014904566365,2.3343284694614788,0.7909120225597698,0.3683167741401357,0.788484393105893,1.1568011672460288,0.014794037832053247,
Tennessee,70298590.0,2019,,,67250,0.08108270734875338,0.05121013095710739,0.9146698390394459,0.0,8.70429975907056,0.2475156329593524,0.0,0.0,0.0,73.41399023792654,2.4566637823034574,0.7539269279796366,0.3724669552696576,0.8066715005599686,1.179138455829626,0.016159641324242777,0.4615384615384617
Tennessee,70298590.0,2020,,,66940,0.11095528374039935,0.06116765642098938,0.9772599990981328,0.0,9.084108230335772,0.23471310022007555,0.0,0.0,0.0,74.23192982960256,2.5832666060585283,0.7240543515879906,0.3549915292753382,0.7316942056732575,1.0866857349485957,0.017311869270777692,0.368421052631579
Tennessee,70298590.0,2021,,,64310,0.17354544379908615,0.08961772917493793,1.1351579028825471,0.5462413968758122,7.268993588633855,0.007112518188487138,0.0014225036376974275,0.0,0.0,76.7597187937909,2.1366004638215363,0.5633114405281813,0.3824911604912702,0.7924341475412238,1.174925308032494,0.018876623272244864,0.5641025641025639
Tennessee,70298590.0,2022,,,69610,0.3129508002934341,0.12660282375507106,1.3371534194355819,0.6500841624277244,7.388483894200439,0.0014225036376974275,0.0014225036376974275,0.0,0.0,78.75122388656729,2.2432882366488434,0.549086404151207,0.3826630397565584,0.8011255986784372,,0.0186916977993442,0.8032786885245904
Tennessee,70298590.0,2023,,,67980,0.4722712077155459,0.15647540014671704,1.6116966215111854,0.755349431617334,7.2405435158799065,0.002845007275394855,0.0014225036376974275,0.0,0.0,79.95181695678392,2.285963345779766,0.5362838714119302,,,,0.01643972738532044,0.5090909090909088
Texas,292772760.0,2018,Gulf Coast (PADD 3),2.446,73540,0.08368264861799302,0.05020958917079581,0.7777362894006942,0.0,10.267007080850007,0.17522121935114454,0.0,0.0,0.0,63.03113718639671,3.481539744339603,0.5987578899075173,0.2621378692444782,0.7011937778025695,0.9633316470470475,0.012460175598303612,
Texas,292772760.0,2019,Gulf Coast (PADD 3),2.283,71720,0.13115974314003803,0.06182269142798667,0.8354602388555548,0.0,10.932369527820825,0.1615587461073906,0.0,0.000341561831093849,0.0,65.90059812941614,3.6553947163663723,0.6079800593470512,0.268553441555338,0.7159207818816035,0.9844742234369415,0.012361122667286397,0.5673469387755101
Texas,292772760.0,2020,Gulf Coast (PADD 3),1.851,79720,0.1782952758309892,0.0696786135431452,0.8959166829591659,0.0,11.100759510550093,0.14892095835691818,0.0,0.000341561831093849,0.0,66.97925039201051,3.781089470208909,0.558795155669537,0.24483762160796652,0.6452108769272115,0.890048498535178,0.013238936573197588,0.359375
Texas,292772760.0,2021,Gulf Coast (PADD 3),2.692,80020,0.2763235213549239,0.1045179203147178,1.040738899342958,1.2852971704061538,8.273652234586304,0.007514360284064678,0.005464989297501584,0.0,0.0,70.35866314885305,2.613289569699039,0.44778756056403607,0.2704621201439642,0.7030835789162899,0.973545699026098,0.015370282399223206,0.5498084291187739
Texas,292772760.0,2022,Gulf Coast (PADD 3),3.517,75480,0.508927128329835,0.14618846370816738,1.2357707048975457,1.4372921852429166,8.19338520427925,0.004781865635313886,0.004781865635313886,0.0,0.0,71.95273221456804,2.633441717733576,0.4549603590170069,0.27094239897864814,0.7226287035720126,,0.015056045514616865,0.8417799752781208
Texas,292772760.0,2023,Gulf Coast (PADD 3),3.091,77600,0.7859337733469466,0.1888836925948985,1.520291710198722,1.5735753558493624,7.90852263714698,0.004440303804220037,0.004440303804220037,0.0,0.0,73.06963940224493,2.6395898306932652,0.4160223102723081,,,,0.012281621206600759,0.5442953020134229
Utah,31741340.0,2018,Rocky Mountain (PADD 4),2.775,85400,0.17642607400947785,0.10711583064861156,1.2885404333906507,0.0,6.745146865255216,0.30559516390927416,0.0,0.0,0.0,69.97499160400916,5.472358759901126,1.1530704122762303,0.28088817574116276,0.7294437104833948,1.0103318862245576,0.008191210579011472,
Utah,31741340.0,2019,Rocky Mountain (PADD 4),2.646,92450,0.2520372485849684,0.1386204867217326,1.4271609201123834,0.0,7.2492213624251525,0.28984283587271364,0.0,0.0,0.0,72.18031752912763,5.774803458203087,1.143619015454294,0.28001069651060734,0.7568288044197252,1.0368395009303326,0.00781315470613402,0.4285714285714288
Utah,31741340.0,2020,Rocky Mountain (PADD 4),2.248,99910,0.3528521480189557,0.16382421158022945,1.568931872441428,0.0,7.299628812142147,0.27409050783615313,0.0,0.0,0.0,73.90992314754197,6.029991172395368,1.1247162218104214,0.2765021546034288,0.6765509767388523,0.9530531313422811,0.008695285076181409,0.3999999999999997
Utah,31741340.0,2021,Rocky Mountain (PADD 4),3.177,98260,0.5198268252064973,0.23628492054840786,1.8430223802775811,1.625640253373046,5.992185585107623,0.08191210579011472,0.02205325925118473,0.0,0.0,76.5216591360037,4.845416104046017,0.8632275764035167,0.30978988599725155,0.749962066188762,1.0597519521860137,0.010459545816276188,0.4732142857142858
Utah,31741340.0,2022,Rocky Mountain (PADD 4),3.983,98150,0.8821303700473893,0.3213474919458347,2.1832726658672885,1.9375363484969443,5.982734188285686,0.07246070896817841,0.018902793643872626,0.0,0.0,77.33447926269024,4.8832216913337625,0.8191210579011472,0.31069632283955245,0.7710449527335644,,0.010049985287325614,0.696969696969697
Utah,31741340.0,2023,Rocky Mountain (PADD 4),3.597,99610,1.2601862429248418,0.4095605289505736,2.621187385283671,2.158068941008792,5.834662304742018,0.0693102433608663,0.015752328036560525,0.0,0.0,78.74903832037337,4.977735659553125,0.8191210579011472,,,,0.009240641536481643,0.4285714285714286
Vermont,7376330.0,2018,New England (PADD 1A),2.742,77930,0.14912564920495694,0.27113754400901263,1.7081665272567794,0.0,7.795204390259113,0.08134126320270378,0.0,0.0,0.0,69.62812130151444,2.5893635452860706,1.0438795444346987,0.7072542556420334,0.28868141665299685,0.9959356722950301,0.009218676496306429,
Vermont,7376330.0,2019,New England (PADD 1A),2.574,84050,0.23046691240766073,0.27113754400901263,1.8030646676599338,0.0,8.012114425466322,0.08134126320270378,0.0,0.0,0.0,69.00450495029371,2.6300341768874222,1.0032089128333466,0.7078587321560994,0.2879788893141983,0.9958376214702976,0.006371732284211796,0.5454545454545454
Vermont,7376330.0,2020,New England (PADD 1A),2.145,87830,0.2982512984099139,0.3118081756103645,1.8844059308626377,0.0,7.971443793864971,0.06778438600225316,0.0,0.0,0.0,67.91995477425766,2.6707048084887743,0.9218676496306429,0.579231908008454,0.2351263297601924,0.8143582377686465,0.00840526386427939,0.2941176470588234
Vermont,7376330.0,2021,New England (PADD 1A),2.956,78680,0.46093382481532147,0.43382007041442017,2.1419865976712,0.7591851232252353,5.693888424189265,0.01355687720045063,0.0,0.0,0.0,69.39765438910678,2.033531580067595,0.7320713688243341,0.6374974790986846,0.2606530903579422,0.8981505694566267,0.010032089128333466,0.5454545454545454
Vermont,7376330.0,2022,New England (PADD 1A),3.982,85190,0.7185144916238835,0.5693888424189265,2.4131241416802123,0.8676401408288403,5.422750880180252,0.0,0.0,0.0,0.0,67.9877391602599,1.9928609484662427,0.6914007372229821,0.6862447572166647,0.28008508296131,,0.010303226672342479,0.5588235294117647
Vermont,7376330.0,2023,New England (PADD 1A),3.47,75060,1.0574364216351493,0.772742000425686,2.752046071691478,0.9489814040315442,4.961817055364931,0.0,0.0,0.0,0.0,67.24211091423513,1.9928609484662427,0.6778438600225315,,,,0.010181682256062577,0.4716981132075473
Virginia,90310790.0,2018,Lower Atlantic (PADD 1C),2.563,86650,0.10962145276328554,0.08969027953359726,1.56459709853053,0.0,6.301572602786445,0.1672003976490517,0.0,0.0,0.0,74.42964456406594,1.920036354459971,0.6178663701203367,0.3212116582902221,0.6237042488464003,0.9449159071366223,0.009079756693524661,
Virginia,90310790.0,2019,Lower Atlantic (PADD 1C),2.41,92550,0.16609311024740234,0.1085141653616362,1.672003976490517,0.0,6.6791576067488725,0.15059108662431145,0.0,0.0,0.0,74.745221473536,1.9754007245424385,0.5780040236609602,0.3254555615940798,0.6205275723490516,0.9459831339431314,0.00920155830770609,0.5151515151515151
Virginia,90310790.0,2020,Lower Atlantic (PADD 1C),2.012,96120,0.22699391733811652,0.12401618898472708,1.7472995198026726,0.0,6.848572579201223,0.13508906300122056,0.0,0.0,0.0,73.59585715062398,2.034086956829854,0.5182105039718953,0.2927484466695508,0.5500109758756402,0.842759422545191,0.009411942914019466,0.3666666666666667
Virginia,90310790.0,2021,Lower Atlantic (PADD 1C),2.833,96180,0.33993723230635015,0.17495140946059715,1.954362263911101,0.39087245278222016,5.609517976755602,0.006643724409896094,0.001107287401649349,0.0,0.0,73.75641382386313,1.7085444607449454,0.3620829803393371,0.33238838559600686,0.5545761299397337,0.8869645155357406,0.010773906418048165,0.4975609756097563
Virginia,90310790.0,2022,Lower Atlantic (PADD 1C),3.654,89890,0.6267246693335315,0.2402813661579087,2.196858204872308,0.44291496065973956,5.494360086984069,0.003321862204948047,0.0,0.0,0.0,73.5604239537712,1.7019007363350493,0.3532246811261423,0.3223245675295278,0.5865744281497262,,0.011161457008625437,0.8436482084690553
Virginia,90310790.0,2023,Lower Atlantic (PADD 1C),3.279,88550,0.9400870040002972,0.2967530236420255,2.5401172993836063,0.49052831893066157,5.368129323196044,0.003321862204948047,0.0,0.0,0.0,73.85606969001158,1.6919351497202053,0.3344007952981034,,,,0.009631109454897648,0.4999999999999998
Washington,82399840.0,2018,West Coast (PADD 5),3.3,87550,0.3665055660302253,0.16626245876205586,2.157771180138214,0.0,4.701465439738718,0.25970924215386826,0.0,0.0,0.0,68.05838457938754,3.5849584173949856,1.3422356159914874,0.211485655489683,0.5453927089718864,0.7568783644615694,0.006541274837426869,
Washington,82399840.0,2019,West Coast (PADD 5),3.337,95640,0.49029221415963914,0.19538872891015324,2.347091936100847,0.0,4.961174681892587,0.23786453954279524,0.0,0.0,0.0,68.10814195755721,3.746366497799025,1.2172353732725696,0.21233942295986255,0.546516884494254,0.7588563074541165,0.006529138891531829,0.3377483443708609
Washington,82399840.0,2020,West Coast (PADD 5),2.82,97470,0.612865267699549,0.22330140446874655,2.564325367622073,0.0,5.145641059497203,0.22694218823725873,0.0,0.0,0.0,69.02440587263277,3.959959145551739,1.1565556437973668,0.18802265344204552,0.46317085979778605,0.6511935132398315,0.0069660329437532895,0.25
Washington,82399840.0,2021,West Coast (PADD 5),3.7,95180,0.8106811857887103,0.29490348524948595,2.9126270148097375,0.7160208078073939,4.365299738446094,0.007281567537024344,0.0012135945895040572,0.0,0.0,70.291398624075,3.441754255833507,0.781554915640613,0.20675821142371154,0.4946581518847609,0.7014163633084725,0.008179627533257346,0.32277227722772284
Washington,82399840.0,2022,West Coast (PADD 5),4.952,98150,1.2633519676737237,0.381068701104274,3.279132580839963,0.8191763479152387,4.226949955242632,0.0012135945895040572,0.0012135945895040572,0.0,0.0,68.57658946910577,3.3665113912842553,0.6395643486686382,0.20588386615799256,0.5038602016702945,,0.00889564834106474,0.5583832335329342
Washington,82399840.0,2023,West Coast (PADD 5),4.513,92980,1.8458773706356713,0.5000009708756716,3.7281625789564643,0.8956328070539943,4.098308928755202,0.0012135945895040572,0.0012135945895040572,0.0,0.0,67.75498593201152,3.327676364420125,0.5667486732983947,,,,0.0070752564568086545,0.4610951008645534
West Virginia,17305130.0,2018,Lower Atlantic (PADD 1C),2.563,57460,0.011557266544660456,0.028893166361651137,0.583641960505353,0.0,9.991256927858963,0.20225216453155798,0.0,0.0,0.0,72.62586296664631,3.1609123999646345,0.9534744899344876,0.5702517134557787,0.55353777617822,1.1237894896339986,0.01698918182065087,
West Virginia,17305130.0,2019,Lower Atlantic (PADD 1C),2.41,60670,0.02311453308932091,0.034671799633981364,0.6298710266839949,0.0,10.245516791841494,0.17913763144223707,0.0,0.0,0.0,71.325670480372,3.2533705323219184,0.889909523938855,0.5553454733740804,0.5470189503546058,1.102364423728686,0.015024446508058592,1.0
West Virginia,17305130.0,2020,Lower Atlantic (PADD 1C),2.012,63480,0.034671799633981364,0.0404504329063116,0.6876573594072971,0.0,10.297524491292465,0.1618017316252464,0.0,0.0,0.0,70.29707375789722,3.3400500314068715,0.8205659246708923,0.4773217982182162,0.450388091854843,0.9277098900730593,0.015428950837121707,0.4999999999999998
West Virginia,17305130.0,2021,Lower Atlantic (PADD 1C),2.833,60800,0.057786332723302275,0.057786332723302275,0.837901824487883,0.8032300248539016,7.500665987484636,0.011557266544660456,0.0,0.0,0.0,73.29040579296428,2.663949938544235,0.6298710266839949,0.4803766316693373,0.4487856993850956,0.9291623316322962,0.01629574582797124,0.6666666666666667
West Virginia,17305130.0,2022,Lower Atlantic (PADD 1C),3.654,52450,0.10979403217427433,0.0809008658126232,1.0574898888364317,0.9014667904835155,7.3677574222210405,0.005778633272330228,0.0,0.0,0.0,73.24417672678564,2.640835405454914,0.6298710266839949,0.4615771802927802,0.4232848871981892,,0.015255591838951801,0.9000000000000001
West Virginia,17305130.0,2023,Lower Atlantic (PADD 1C),3.279,54540,0.1618017316252464,0.1040153989019441,1.294413853001971,0.9997035561131294,7.130833458055501,0.005778633272330228,0.0,0.0,0.0,74.05318538491187,2.6812858383612257,0.8783522573941946,,,,0.01991635846791056,0.47368421052631593
Wisconsin,64475760.0,2018,Midwest (PADD 2),2.596,77690,0.057385907510047185,0.06979367129600333,1.0996380655303637,0.0,10.799407405201583,0.17681063394987512,0.0,0.0,0.0,70.03872463077597,2.520327019022343,0.7305070928981682,0.5173602999828152,0.5045033422422629,1.0218636422250782,0.009135216087410214,
Wisconsin,64475760.0,2019,Midwest (PADD 2),2.486,75130,0.07289561224249237,0.08220143508195948,1.181839500612323,0.0,11.379470362195033,0.15664801779769638,0.0,0.0,0.0,70.10076344970575,2.618038158836747,0.7025896243797669,0.517800608078602,0.511231447571537,1.0290320556501389,0.00879400258329642,0.2702702702702704
Wisconsin,64475760.0,2020,Midwest (PADD 2),2.027,79620,0.09771113981440467,0.0915072579214266,1.2795506404267278,0.0,11.720683866308827,0.1349344311722731,0.0,0.0,0.0,69.70991889044812,2.7173002691243964,0.6498566282894532,0.4537071224906849,0.43965095580106384,0.8933580782917487,0.009491939296256453,0.34042553191489366
Wisconsin,64475760.0,2021,Midwest (PADD 2),2.885,78860,0.14424025401174023,0.11942472643982792,1.4501573924836249,0.6172862483513184,8.631150683605746,0.01085679331271163,0.0015509704732445185,0.0,0.0,71.95107122428645,2.222540688159395,0.46374017150011104,0.515693459681592,0.4921780174440751,1.0078714771256672,0.009616016934116015,0.4761904761904763
Wisconsin,64475760.0,2022,Midwest (PADD 2),3.809,78320,0.2435023642993894,0.15509704732445184,1.6316209378532334,0.7212012700587012,8.525684691425118,0.004652911419733555,0.0,0.0,0.0,70.9941224422946,2.2411523338383295,0.41721105730277547,0.5243920901436446,0.5018320063229964,,0.00924378402053733,0.6881720430107525
Wisconsin,64475760.0,2023,Midwest (PADD 2),3.363,76240,0.3861916478378851,0.1938713091555648,1.9169995049302249,0.8204633803463502,8.316303677537109,0.004652911419733555,0.0,0.0,0.0,71.41753738149035,2.2876814480356646,0.4094562049365529,,,,0.010405407423257018,0.5859872611464969
Wyoming,6170640.0,2018,Rocky Mountain (PADD 4),2.775,72860,0.032411548883098024,0.032411548883098024,0.6644367521035095,0.0,11.587128725707544,0.6806425265450585,0.0,0.0,0.0,72.9421907614121,11.81400956788923,3.3059779860759986,1.1971095482851049,0.4945209168335861,1.691630465118691,0.017988409630119405,
Wyoming,6170640.0,2019,Rocky Mountain (PADD 4),2.646,75020,0.032411548883098024,0.032411548883098024,0.6806425265450585,0.0,12.170536605603308,0.6158194287788624,0.0,0.0,0.0,73.37974667133392,12.219153928927955,3.0953029183358614,1.1651262848302606,0.4890952623180091,1.6542215471482697,0.023822488429077048,0.0
Wyoming,6170640.0,2020,Rocky Mountain (PADD 4),2.248,76990,0.048617323324647035,0.048617323324647035,0.7616713987528035,0.0,12.494652094434288,0.5834078798957645,0.0,0.0,0.0,73.93074300234659,12.543269417758935,3.0304798205696653,1.156859259331285,0.4313584636277598,1.5882177229590448,0.020581333540767244,0.5
Wyoming,6170640.0,2021,Rocky Mountain (PADD 4),3.177,76570,0.08102887220774506,0.06482309776619605,0.9237291431682937,2.771187429504881,9.626230018280113,0.016205774441549012,0.0,0.0,0.0,78.17665590603244,10.063785928201936,2.528100812881646,1.329221620447798,0.46905540592223816,1.798277026370036,0.017826351885703914,0.6666666666666667
Wyoming,6170640.0,2022,Rocky Mountain (PADD 4),3.983,79570,0.1296461955323921,0.09723464664929407,1.1181984364668818,3.0953029183358614,9.496583822747722,0.0,0.0,0.0,0.0,78.27389055268172,9.917933958227994,2.3012199706999596,1.0885395388484824,0.4224845396911827,,0.021715737751675675,0.6000000000000001
Wyoming,6170640.0,2023,Rocky Mountain (PADD 4),3.597,76000,0.17826351885703914,0.1296461955323921,1.361285053090117,3.4356241816083903,9.35073185277378,0.0,0.0,0.0,0.0,79.26244279361622,9.869316634903349,2.2201910984922146,,,,0.02373307725974436,0.375
